,id,Grade 7 Grades,Grade 8 Grades
0,00117857,"[' B ', ' B ', ' B+ ', ' A ', ' B+ ']","[' C+ ', ' A+ ', ' D ', ' P ', ' A ', ' C ', ' B ', ' B ', ' A ', ' B ']"
1,00132134,"[' C ', ' B ', ' C ', '   ', ' A+ ', ' C ', ' C+ ', ' C+ ', ' B ']","[' 77 5 Jose Marti Freshman Academy', ' 75 5 Jose Marti Freshman Academy', ' 67 5 Jose Marti Freshman Academy', ' 8', ' 82 5 Jose Marti Freshman Academy', ' 6']"
2,00124402,[],[]
3,00118270,"[' A ', ' B+ ', ' 94 ', ' B+ ', '   ', '   ', ' A ', ' B+ ', ' B+ ', ' B+ ', ' A ']","[' A ', ' A+ ', ' B+ ', ' B+ ', ' P ', ' A ', ' A ', ' A ', ' A ', ' A ', ' A ']"
4,00139405,"[' F ', ' C ', ' C ', ' C+ ', ' C ', ' C+ ', ' B+ ']","[' F ', ' C ', ' D ', ' F ', ' C ', ' P ', ' P ', ' B ', ' D ', ' D ', ' C ', ' B+ ', ' A ', ' B+ ']"
5,00117713,"[' C+ ', ' C ', ' B ', '   ', ' A ', ' B ', ' B+ ', ' A ']","[' A ', ' B ', ' B ', ' P ', ' P ', ' A+ ', ' B ', ' B+ ', ' B+ ', ' A ', ' A ']"
6,00115228,"[' B ', ' B ', '   ', '   ', ' A+ ', ' A ', ' B+ ', ' B ', ' A ', ' B+ ']","[' C+ ', ' B+ ', ' P ', ' A+ ', ' A ', ' B+ ', ' C ', ' B ', ' A ']"
7,00127545,"['   ', ' C+ ', ' B+ ', ' A ', ' A+ ', ' C+ ', ' B+ ', ' A ', ' A ']","[' F ', ' B ', ' C+ ', ' A ', ' A+ ', ' D ', ' C+ ', ' A ', ' B+ ']"
8,00140285,"[' C ', ' A ', ' D ', ' B+ ', ' F ', ' C+ ', '   ', '   ', ' A+ ', ' C ', ' C ', ' B+ ', ' B+ ', ' A ']","[' C+ ', ' C+ ', ' A+ ', '   ', ' C+ ', ' P ', ' P ', ' A ', ' C+ ', ' B ', ' A ', ' A+ ']"
9,00127477,"[' B+ ', ' B+ ', ' B+ ', '   ', '   ', ' A+ ', ' C+ ', ' A ', ' A ', ' B+ ']","[' B ', ' B+ ', ' A+ ', ' A+ ', ' B+ ', ' A ', ' A+ ', ' A ', ' A ', ' A+ ']"
10,00159804,[],[]
11,00156972,[],"[' D ', ' B+ ', ' C ', ' A+ ', ' F ', ' C+ ', ' P ', ' B+ ', ' C+ ', '   ', ' C+ ', ' A ', ' A ']"
12,00117461,"[' B ', ' B+ ', ' B ', ' A ', ' A+ ', ' B ', ' B ', ' B+ ']","[' B+ ', ' B ', ' B+ ', ' P ', ' P ', ' A ', ' A ', ' B+ ', ' A+ ', ' A ', ' A ']"
13,00146152,"[' B ', ' A ', ' B+ ', ' B ', '   ', ' A+ ', ' B ', ' B ', ' A ', ' A ']","[' C+ ', ' A+ ', ' B ', ' B ', ' P ', ' A+ ', ' B ', ' B ', ' A+ ']"
14,00138274,"[' F ', ' A+ ', ' A ', ' A+ ', ' D ', ' C ', ' C ', ' P ', ' C+ ']","[' D ', ' D ', ' C+ ', ' A+ ', ' A+ ', ' D ', ' B ', ' A ', ' B ']"
15,00147010,"[' F ', ' C ', ' A+ ', ' D ', ' P ', ' A+ ', ' F ', ' B+ ', ' C+ ', ' A ']","[' C ', ' C ', ' C ', ' A+ ', ' A+ ', ' C+ ', ' B ', ' B+ ', ' B ']"
16,00118123,[],[]
17,00116828,"[' A ', ' B+ ', ' A ', '   ', '   ', ' A+ ', ' B+ ', ' A ', ' A ']","[' B+ ', ' B+ ', ' P ', ' A ', ' B+ ', ' B+ ', ' A+ ', ' A ', ' A ']"
18,00140119,"[' B+ ', ' B ', ' B+ ', ' B+ ', '   ', '   ', ' A+ ', ' B+ ', ' B ', ' A+ ', ' A ', ' A+ ']","[' B+ ', ' B+ ', ' A+ ', '   ', ' B+ ', ' P ', ' P ', ' B+ ', ' A+ ', ' A ', ' A+ ', ' A+ ']"
19,00118030,"[' C+ ', '   ', '   ', '   ', ' C ', ' P ', ' A+ ', ' A+ ', ' B ', ' B+ ', ' P ', ' A ']","[' C+ ', ' A ', ' B ', ' A ', ' A+ ', ' C+ ', ' B ', ' A ', ' A+ ']"
20,00156525,[],"[' C+ ', ' A+ ', ' B+ ', ' B+ ', ' A+ ', ' C ', ' B ', ' B ', ' A ', ' A ']"
21,00131454,"[' D ', ' A ', ' D ', ' A+ ', ' D ', ' C+ ', ' P ', ' B+ ']","[' C ', ' B+ ', ' B+ ', ' A+ ', ' A+ ', ' C ', ' C ', ' A ', ' B ']"
22,00118354,"[' B ', ' B ', ' 86 ', ' B+ ', '   ', '   ', ' A+ ', ' B ', ' B+ ', ' A ']","[' F ', ' B+ ', ' A+ ', ' C+ ', ' C ', ' P ', ' A ', ' B+ ', ' F ', ' D ', ' C+ ', ' A ']"
23,00151503,"[' A ', ' A+ ', ' A+ ', ' A+ ', ' B+ ', ' A+ ', ' A ', ' P ', ' A+ ']","[' A+ ', ' A ', ' A+ ', ' B+ ', ' A+ ', ' A+ ', ' A ', ' A+ ']"
24,00124159,"['   ', '   ', ' B+ ', '   ', ' B+ ', ' P ', ' A ', ' A+ ', ' A ', ' B ', ' A ', ' A ']","[' B+ ', ' A ', ' B+ ', ' A+ ', ' A+ ', ' C+ ', ' B+ ', ' A+ ', ' B+ ']"
25,00144663,"[' B ', ' A ', '   ', '   ', ' A+ ', ' A ', ' A ', ' A ', ' A ']","[' B ', ' A+ ', ' B ', ' C+ ', ' P ', ' A ', ' B ', ' B ', ' B ', ' A+ ', ' A ']"
26,00121844,"[' B ', ' B+ ', ' A ', ' A+ ', ' B+ ', ' B+ ', ' A ', ' A ']","[' B+ ', ' A ', ' B ', ' A ', ' A+ ', ' B ', ' B ', ' A ', ' A ']"
27,00145508,"[' B ', ' C+ ', ' P ', ' A+ ', ' A+ ', ' C+ ', ' C+ ', ' A ', ' A ']","[' B ', ' A+ ', ' C ', ' C+ ', ' P ', ' A ', ' C ', ' B+ ', ' B ', ' A ']"
28,00145507,"[' C ', '   ', ' B ', ' P ', ' B+ ', ' A+ ', ' C+ ', ' C ', ' P ', ' B ']","[' B ', ' C+ ', ' B ', ' P ', ' P ', ' A ', ' D ', ' B ', ' B ', ' B+ ', ' B ']"
29,00117510,"[' B ', ' B+ ', ' P ', ' A+ ', ' A+ ', ' B ', ' B ', ' A ', ' B+ ']","[' A ', ' A+ ', ' A+ ', ' A+ ', ' A ', ' A+ ', ' A+ ', ' A+ ']"
30,00115256,"[' C+ ', ' 83 ', ' B ', '   ', '   ', ' A ', ' C+ ', ' B ', ' A ', ' A ']","[' C+ ', ' A+ ', ' C ', ' B ', ' P ', ' A ', ' C+ ', ' B+ ', ' C+ ', ' A ', ' A+ ']"
31,00115258,"[' B+ ', ' A+ ', ' P ', ' A+ ', ' A+ ', ' B+ ', ' A ', '   ', ' A ', ' A+ ']","[' B+ ', ' B+ ', ' B ', ' A+ ', ' A+ ', ' B ', ' B+ ', ' A ', ' A+ ']"
32,00152299,"[' B ', ' B+ ', ' A ', ' A+ ', ' C ', ' C+ ', ' P ', ' C ']","[' C ', ' B ', ' B+ ', ' A ', ' A+ ', ' B+ ', ' B+ ', ' A ', ' A+ ']"
33,00117542,"[' F ', ' D ', ' B ', ' 82 ', ' C ', '   ', '   ', ' A ', ' C ', ' F ', ' B+ ', ' B+ ', ' B+ ']","[' D ', ' C ', ' C+ ', ' P ', ' P ', ' B+ ', ' C ', ' B ', ' A ', ' A ', ' A ', ' A ']"
34,00117543,"[' A ', ' 99 ', ' A+ ', '   ', '   ', ' A ', ' B+ ', ' A ', ' B+ ', ' A ']","[' B ', ' B ', ' A+ ', ' A ', ' A ', ' A ', ' A ', ' A ', ' A ', ' A+ ']"
35,00115764,"[' C ', ' A+ ', ' B ', ' A+ ', ' B ', ' B ', '   ', ' P ', ' A+ ']","[' C ', ' B+ ', ' B ', ' A+ ', ' A+ ', ' C ', ' C+ ', ' A+ ', ' A ']"
36,00117097,"[' F ', ' C+ ', ' F ', ' B ', ' A ', ' A ', ' A+ ', ' C+ ', ' D ', ' C+ ', ' B+ ', ' C ', ' C+ ']","[' 52 ', ' 52 ', ' 8', ' 66 5 Jose Marti Freshman Academy', ' 79 5 Jose Marti Freshman Academy', ' 95 5 Jose Marti Summer School', ' 57 ', ' 51 ']"
37,00122088,"['   ', '   ', '   ', '   ', '   ', '   ', '   ', ' D ', ' A ', ' A ', ' P ', ' A+ ', ' C ', ' B ', '   ', ' P ', ' A+ ']","[' D ', ' B ', ' C+ ', ' A ', ' A+ ', ' D ', ' C+ ', ' A ', ' A ']"
38,00144403,"[' B ', ' A ', ' A ', ' A+ ', ' B+ ', ' A ', ' A ', ' A+ ']","[' B ', ' A+ ', ' A+ ', ' A+ ', ' B+ ', ' A ', ' A+ ', ' A+ ']"
39,00158817,[],[]
40,00123855,"[' C+ ', ' C ', ' P ', ' A+ ', ' A+ ', ' C+ ', ' C ', ' A ', ' A ']","[' C+ ', ' B ', ' B+ ', ' A ', ' A+ ', ' C+ ', ' D ', ' A ', ' B+ ']"
41,00115263,"[' D ', ' C+ ', ' A+ ', ' A+ ', ' C ', ' C ', ' P ', ' A ']","[' B ', ' B ', ' B+ ', ' A+ ', ' B ', ' B+ ', ' B+ ', ' A ']"
42,00157768,[],"[' ', ' ', ' AUD ', ' AUD ', ' AUD ', ' AUD ']"
43,00118062,"['   ', '   ', '   ', '   ', ' C+ ', ' A+ ', ' C+ ', ' P ', ' A+ ', ' C+ ', ' B+ ', ' A ']","[' C+ ', ' C ', ' A ', ' A+ ', ' B ', ' B+ ', ' A ', ' B+ ']"
44,00118074,"[' B ', '   ', '   ', ' A+ ', ' F ', ' A ', ' A+ ', ' C ', ' C ', ' P ', ' A+ ']","[' C ', ' D ', ' D ', ' A+ ', ' A+ ', ' C ', ' B+ ', ' A ', ' A ']"
45,00149029,"[' C ', ' C ', ' B ', ' D ', '   ', ' B+ ', ' C ', ' C ', ' C ', ' B ', ' B+ ']","[' C ', ' C+ ', ' A ', ' C ', ' P ', ' B+ ', ' D ', '   ', ' C ', ' A ', ' B ']"
46,00145281,"['   ', '   ', '   ', '   ', '   ', ' B+ ', '   ', ' A+ ', ' A+ ', ' A+ ', ' B ', ' B+ ', ' B+ ', ' P ', ' A ']","[' C+ ', ' B+ ', ' B+ ', ' A+ ', ' A+ ', ' A ', ' B+ ', ' A ', ' A ']"
47,00159259,[],[]
48,00116296,"['   ', ' C+ ', ' D ', ' P ', ' A+ ', ' A+ ', ' C+ ', ' C+ ', ' B+ ', ' C+ ']","[' D ', ' B+ ', ' D ', ' A+ ', ' C+ ', ' D ', ' A ', ' C ']"
49,00117843,"['   ', '   ', '   ', ' B ', ' A+ ', ' B+ ', ' P ', ' A+ ', ' B+ ', ' A+ ', ' A ']","[' B+ ', ' A ', ' A ', ' A+ ', ' A+ ', ' A ', ' A+ ', ' A+ ', ' A+ ']"
50,00160117,[],[]
51,00117879,"[' C+ ', ' B ', ' C ', ' A ', ' A+ ', ' C ', ' B ', ' B+ ']","[' C+ ', ' C ', ' P ', ' A ', ' A ', ' C ', ' A ', ' C+ ', ' B ', ' B+ ']"
52,00115280,"[' C+ ', ' C+ ', ' C ', '   ', '   ', ' A ', ' C+ ', ' B ', ' B+ ', ' A ']","[' C+ ', ' A+ ', ' B+ ', ' B ', ' P ', ' A ', ' C ', ' B ', ' C+ ', ' A ', ' B+ ']"
53,00123511,"[' D ', ' C ', ' 68 ', ' D ', '   ', '   ', ' A ', ' C ', ' C ', ' B+ ', ' B+ ']","[' D ', ' A+ ', ' F ', ' D ', ' P ', ' B+ ', ' C ', ' C+ ', ' C ', ' B+ ', ' B ']"
54,00144308,[],[]
55,00122283,"[' F ', ' C+ ', '   ', ' D ', ' P ', ' B+ ', ' A+ ', ' F ', ' B ', ' C ', ' P ', ' C ']","[' C ', ' C+ ', ' B ', ' A+ ', ' A+ ', ' F ', ' C ', ' A ', ' D ']"
56,00118022,"[' A ', ' A ', ' A+ ', ' A ', '   ', ' A+ ', ' A ', ' B+ ', ' B+ ', ' A ', ' A ']","[' B+ ', ' A+ ', ' A+ ', ' A ', ' A+ ', ' A+ ', ' A ', ' B+ ', ' A ', ' A ']"
57,00143480,"[' C+ ', ' A+ ', ' A ', ' A+ ', ' C ', ' D ', ' D ', ' P ', ' B+ ']","[' C ', ' A ', ' C ', ' A ', ' A+ ', ' B ', ' B ', ' B+ ', ' A ', ' A ']"
58,00117894,"[' B ', ' B+ ', ' B ', ' C ', ' A+ ', ' B ', ' B ', ' B+ ']","[' B ', ' A+ ', ' C ', ' P ', ' A ', ' B ', ' A ', ' B+ ', ' A ', ' B+ ']"
59,00116304,"[' A ', ' B ', ' C+ ', '   ', '   ', ' A+ ', ' B+ ', ' A ', ' A ']","[' C+ ', ' A+ ', ' C ', ' P ', ' A ', ' B ', ' B+ ', ' B ', ' A ', ' B+ ']"
60,00136097,[],"[' 64 ', ' 64 ', ' 64 ', ' 64 ', ' 83 5 North Bergen High School', ' 64 ']"
61,00118478,"[' C+ ', ' B+ ', ' A+ ', ' A+ ', ' A+ ', ' B+ ', ' B ', ' A+ ', ' A+ ']","[' B ', ' C ', ' A+ ', ' A+ ', ' B ', ' B ', ' A+ ', ' A+ ']"
62,00122098,"[' C+ ', ' B+ ', ' 85 ', ' C ', '   ', ' A+ ', ' C ', ' C+ ', ' A ', ' A+ ']","[' C+ ', ' B ', ' C+ ', ' P ', ' P ', ' B ', ' B ', ' B+ ', ' B+ ', ' A ', ' B ', ' A+ ']"
63,00159022,[],[]
64,00160755,[],[]
65,00117056,"['   ', '   ', '   ', '   ', ' C ', '   ', ' A+ ', ' P ', ' A+ ', ' A+ ', ' B ', ' B ', ' B ', ' B ']","[' B ', ' C+ ', ' B ', ' A+ ', ' A+ ', ' B ', ' B ', ' A ', ' A ']"
66,00159053,[],[]
67,00142754,"[' B ', ' C+ ', ' B ', ' C ', '   ', '   ', ' A+ ', ' C+ ', ' C+ ', ' A ', ' A ', ' A ']","[' B ', ' B ', ' A ', '   ', ' C ', ' P ', ' P ', ' B+ ', ' C+ ', ' B ', ' A ', ' C ']"
68,00117564,"[' C+ ', ' A ', ' C+ ', ' C+ ', '   ', ' A+ ', ' A ', ' B ', ' B+ ', ' B+ ', ' B ']","[' B+ ', ' B ', ' B ', ' C ', ' B ', ' B ', ' C+ ', ' C+ ', ' A ', ' C ', ' B ']"
69,00155934,[],"[' D ', ' I ', ' C ', ' A+ ', ' F ', ' I ', ' P ', ' B+ ', ' D ', '   ', ' D ', ' A ', ' B ']"
70,00159366,[],[]
71,00132303,"[' C+ ', ' B ', '   ', '   ', ' A+ ', ' B ', ' B+ ', ' B+ ', ' B+ ']","[' B+ ', ' A+ ', ' B+ ', ' A ', ' B+ ', ' B+ ', ' B+ ', ' A ', ' B+ ']"
72,00153054,"['   ', '   ', '   ', '   ', '   ', '   ', ' C+ ', ' A+ ', ' C+ ', ' P ', ' A+ ', ' C+ ', ' B+ ', ' A ']","[' B+ ', ' C ', ' B ', ' A ', ' A+ ', ' B ', ' B+ ', ' A ', ' A ']"
73,00121560,"['   ', '   ', '   ', '   ', ' D ', ' B+ ', ' A ', ' P ', ' A+ ', ' D ', ' B ', '   ', ' P ', ' D ']","[' C ', ' D ', ' B ', ' A ', ' A+ ', ' C ', ' B+ ', ' A ', ' C+ ']"
74,00117565,"[' F ', ' D ', ' B+ ', ' 86 ', ' D ', ' C ', '   ', ' A ', ' C ', ' B ', ' A ', ' A ']","[' B+ ', ' A+ ', ' B ', ' C ', ' P ', ' A ', ' C ', ' B ', ' A ', ' A ']"
75,00118507,"[' C+ ', ' C ', ' P ', ' A ', ' A+ ', ' C ', ' C+ ', ' A ', ' B ']","[' B ', ' A ', ' C ', ' A+ ', ' C ', ' A ', ' A ', ' B ']"
76,00117729,"[' C+ ', ' D ', ' A+ ', ' A+ ', ' D ', ' C+ ', ' A ', ' B+ ']","[' C+ ', ' C+ ', ' B ', ' B+ ', ' A+ ', ' C+ ', ' B ', ' A ', ' C+ ']"
77,00117900,"[' C ', ' C ', ' 89 ', ' C ', '   ', '   ', ' A ', ' C+ ', ' B+ ', ' B+ ', ' B+ ']","[' C ', ' A+ ', ' C ', ' D ', ' P ', ' A ', ' C ', ' B ', ' C+ ', ' A+ ']"
78,00157280,[],[]
79,00141762,"[' B ', ' C+ ', ' B+ ', ' B+ ', ' B+ ']","[' C ', ' A+ ', ' C ', ' A ', ' C+ ', ' C ', ' C ', ' B+ ', ' C ']"
80,00132806,"[' C+ ', ' B ', ' 93 ', ' B+ ', '   ', '   ', ' A ', ' C ', ' D ', ' B+ ', ' A ']","[' B+ ', ' C+ ', ' B+ ', ' P ', ' P ', ' A ', ' C ', ' B ', ' A ', ' A ', ' A ']"
81,00115952,[],[]
82,00135149,"[' C+ ', ' B+ ', ' B+ ', '   ', '   ', ' A+ ', ' C+ ', ' B+ ', ' A ', ' B+ ']","[' B+ ', ' C+ ', ' P ', ' A+ ', ' B+ ', ' B ', ' A ', ' A ', ' A ']"
83,00158926,[],[]
84,00117567,"[' F ', ' A+ ', ' A ', ' B+ ', ' P ', ' A+ ', ' C ', ' D ', '   ', ' P ', ' C ']","[' B+ ', ' A ', ' C+ ', ' A+ ', ' C ', ' B+ ', ' A ', ' B+ ']"
85,00126687,"[' B+ ', ' B+ ', ' P ', ' A ', ' A+ ', ' C ', ' B ', ' P ', ' B ']","[' C+ ', ' B+ ', ' B+ ', ' B+ ', ' A+ ', ' C+ ', ' B ', ' A ', ' A ']"
86,00145724,"['   ', ' B ', '   ', ' A ', ' B+ ', ' A+ ', ' A+ ', ' B ', ' B+ ', ' A ', ' A ']","[' B ', ' A ', ' A ', ' A+ ', ' B+ ', ' B+ ', ' A ', ' B+ ']"
87,00159123,[],[]
88,00134935,"[' B ', ' B+ ', ' P ', ' A+ ', ' A+ ', ' B ', ' B ', ' A ', ' A ']","[' B ', ' A ', ' A+ ', ' A+ ', ' B+ ', ' B+ ', ' A+ ', ' A+ ']"
89,00154855,"[' B ', ' D ', ' C ', ' A+ ', ' B ', ' C ', ' B+ ', ' B+ ']",[]
90,00118262,"[' B ', ' B+ ', ' B+ ', '   ', '   ', ' A ', ' B ', ' B+ ', ' B+ ', ' B+ ']","[' B+ ', ' A ', ' B+ ', ' P ', ' P ', ' D ', ' B+ ', ' A ', ' A+ ', ' A ', ' A ', ' A+ ']"
91,00151264,"[' F ', ' F ', ' C ', ' B ', ' A+ ', ' F ', ' F ', ' D ', ' P ', ' F ']","[' 77 ', ' 9', ' 64 ', ' 9']"
92,00131386,"['   ', '   ', '   ', '   ', ' F ', ' A+ ', '   ', ' C ', ' A ', ' A+ ', ' C ', ' B ', ' P ', ' B+ ']","[' C ', ' A ', ' B+ ', ' A+ ', ' A+ ', ' C ', ' C+ ', ' A ', ' B ']"
93,00154708,"[' B+ ', ' B ', ' D ', ' A ', ' B ', ' B ', ' B+ ', ' B+ ']","[' C+ ', ' B ', ' C ', ' P ', ' A+ ', ' C+ ', ' B ', ' B+ ', ' B ']"
94,00119652,"[' B ', ' C+ ', ' P ', ' A+ ', ' A+ ', ' C+ ', ' C+ ', ' A ', ' B+ ']","[' B+ ', ' A+ ', ' C+ ', ' A+ ', ' C ', ' B+ ', ' A+ ', ' A ']"
95,00160853,[],[]
96,00155853,[],"[' B ', ' B ', ' A+ ', ' B ', ' A ', ' A ', ' A ', ' A ']"
97,00118637,"[' B ', ' B ', ' C ', ' A ', ' B+ ', ' C ', ' B+ ', ' A ']","[' A ', ' A+ ', ' C+ ', ' A ', ' B+ ', ' A ', ' A ', ' A ', ' A ']"
98,00132257,"[' C ', ' A ', '   ', ' C ', '   ', '   ', ' A+ ', ' C ', ' C+ ', ' A ', ' A ']","[' C+ ', ' A+ ', ' B+ ', ' A ', ' A ', ' A ', ' C+ ', ' A+ ', ' A+ ', ' B+ ']"
99,00123735,"[' B+ ', ' B ', ' A ', '   ', '   ', ' A ', ' B ', ' B+ ', ' B+ ', ' A ']","[' C ', ' B ', ' C+ ', ' A ', ' C ', ' B+ ', ' C+ ', ' A ', ' A ', ' C+ ']"
100,00156661,[],"[' A ', ' B+ ', ' B ', ' A+ ', ' A+ ', ' B+ ', ' B ', ' A ', ' A+ ']"
101,00153244,"[' C+ ', ' C ', ' B ', ' A ', ' C+ ', ' B ', ' B+ ', ' B+ ']","[' C+ ', ' B ', ' B ', ' B+ ', ' B ', ' P ', ' A+ ', ' B ', ' C+ ', ' A ', ' B+ ']"
102,00117575,"[' D ', ' 75 ', ' C ', '   ', '   ', ' A ', ' C+ ', ' C ', ' A ', ' B+ ']","[' B+ ', ' A+ ', ' C ', ' D ', ' P ', ' B+ ', ' B+ ', ' B+ ', ' C+ ', ' A ', ' A ']"
103,00126766,"[' B+ ', ' B+ ', ' B+ ', '   ', '   ', ' A+ ', ' A+ ', ' B+ ', ' B+ ', ' A ', ' A ']","[' A ', ' A+ ', ' A+ ', ' P ', ' P ', ' A ', ' A+ ', ' A+ ', ' A ', ' A ']"
104,00141764,"[' C ', ' C ', ' B ', ' C+ ', '   ', ' B ', ' C+ ', ' B ', ' C ', ' B ', ' B ']","[' C ', ' B+ ', ' A ', ' C+ ', ' P ', ' P ', ' B+ ', ' C ', ' C ', ' B+ ', ' A ']"
105,00126373,"[' C ', ' A ', ' D ', ' D ', '   ', ' A ', ' C ', ' C+ ', ' A ', ' B+ ', ' A ']","[' 51 ', ' 87 5 Jose Marti Summer School', ' 51 ', ' 86 5 Jose Marti Summer School', ' 51 ', ' 56 ', ' 57 ', ' 58 ']"
106,00115319,"[' C+ ', ' B+ ', ' C ', ' A ', ' A+ ', ' C+ ', ' B+ ', ' A ']","[' C+ ', ' A+ ', ' F ', ' F ', ' P ', ' B+ ', ' C ', ' B+ ', ' C ', ' A ', ' A ']"
107,00141460,"[' F ', ' C ', ' C ', ' B ', ' F ', ' C ', '   ', '   ', ' A+ ', ' C ', ' C ', ' B+ ', ' B+ ', ' B ']","[' C ', ' B ', ' B+ ', '   ', ' D ', ' P ', ' P ', ' A ', ' C ', ' C ', ' A ', ' A ']"
108,00118842,"[' C+ ', ' B ', ' 83 ', ' B ', '   ', ' A+ ', ' C+ ', ' C+ ', ' B+ ', ' B+ ']","[' B ', ' A+ ', ' D ', ' B ', ' P ', ' A ', ' C ', ' B ', ' A ', ' A ']"
109,00136615,"[' A ', ' A ', ' A ', '   ', '   ', ' A+ ', ' B+ ', ' A+ ', ' A ', ' A ']","[' B ', ' A ', ' P ', ' A+ ', ' B ', ' B+ ', ' A+ ', ' A ', ' A ']"
110,00150086,"[' D ', ' B ', ' F ', ' B ', ' F ', ' C ', '   ', ' B ', ' D ', ' D ', ' F ', ' B ', ' B ']","[' C+ ', ' C ', ' C+ ', ' P ', ' A+ ', ' D ', ' C+ ', ' B+ ', ' C+ ']"
111,00131614,"[' C+ ', ' B ', ' 85 ', ' C+ ', '   ', ' A ', ' B ', ' C+ ', ' B+ ', ' B ']","[' B ', ' A+ ', ' B ', ' B ', ' P ', ' A ', ' B ', ' C+ ', ' C+ ', ' A ']"
112,00115883,"['   ', '   ', '   ', ' D ', ' B ', ' P ', ' A+ ', ' A+ ', ' B ', ' C+ ', ' A ', ' C ']","[' 53 ', ' 53 ', ' 56 ', ' 67 5 Jose Marti Summer School', ' 51 ', ' 81 5 Jose Marti Freshman Academy', ' 65 5 Jose Marti Freshman Academy', ' 51 ']"
113,00118066,"['   ', ' B+ ', ' A+ ', ' B+ ', ' A+ ', ' A+ ', ' B+ ', ' B+ ', ' A ', ' A ']","[' B ', ' B+ ', ' B+ ', ' A+ ', ' A+ ', ' B+ ', ' B ', ' A ', ' A+ ']"
114,00118070,"[' C+ ', ' C+ ', ' A+ ', ' A+ ', ' C+ ', ' C+ ', ' P ', ' A ']","[' B ', ' B ', ' A ', ' A+ ', ' B+ ', ' B+ ', ' A ', ' A ']"
115,00131197,"[' B ', ' A ', ' 9', ' B+ ', '   ', ' A ', ' B ', ' B ', ' A ', ' B+ ']","[' C+ ', ' B+ ', ' C+ ', ' P ', ' P ', ' A+ ', ' B ', ' B ', ' B ', ' A ', ' A+ ', ' A ']"
116,00160302,[],[]
117,00118029,"['   ', ' B ', '   ', ' D ', ' A+ ', ' A+ ', ' C+ ', ' B+ ', ' A ', ' A ']","[' C+ ', ' C ', ' B ', ' A+ ', ' A+ ', ' C ', ' A ', ' A ', ' A+ ']"
118,00138419,"[' C ', ' B ', ' D ', '   ', '   ', ' A ', ' C ', ' B ', ' A ']","[' C+ ', ' A+ ', ' C+ ', ' C ', ' P ', ' A ', ' C ', ' B+ ', ' C ', ' A ']"
119,00115326,"[' B+ ', ' B ', ' B ', '   ', '   ', ' A ', ' C+ ', ' B ', ' B+ ', ' A+ ']","[' A ', ' B ', ' C ', ' P ', ' P ', ' A ', ' B ', ' A ', ' A ', ' A ', ' A ']"
120,00127059,[],"[' A+ ', ' A ', ' B+ ', ' P ', ' P ', ' A ', ' A ', ' A+ ', ' A+ ', ' A ', ' A+ ']"
121,00157102,[],"[' F ', ' B ', ' F ', ' C ', ' P ', ' P ', ' A+ ', ' B ', ' A+ ', ' B+ ', ' A+ ', ' B+ ']"
122,00117809,"[' C+ ', ' B+ ', ' B ', '   ', '   ', ' A ', ' B ', ' B+ ', ' A ', ' A ']","[' C+ ', ' A+ ', ' C ', ' C ', ' B+ ', ' P ', ' A ', ' A+ ', ' F ', ' C+ ', ' C+ ', ' A ']"
123,00116736,"[' C+ ', ' B+ ', ' D ', '   ', '   ', ' A ', ' C ', ' B ', ' A ', ' A ']","[' B+ ', ' C ', ' D ', ' P ', ' P ', ' A ', ' C ', ' B ', ' C ', ' A ', ' A ']"
124,00116873,"[' C ', ' B ', ' A ', '   ', '   ', ' A+ ', ' B ', ' B+ ', ' A ', ' A ']","[' B ', ' A ', ' A ', ' P ', ' A ', ' A ', ' A ', ' A+ ', ' A+ ']"
125,00144769,"[' A ', ' B+ ', ' A ', ' B+ ', '   ', '   ', ' A+ ', ' A ', ' B+ ', ' A+ ', ' B+ ', ' A+ ']","[' B+ ', ' A+ ', ' B+ ', ' P ', ' P ', ' A ', ' B+ ', ' A ', ' A+ ', ' A ', ' A ', ' A+ ']"
126,00118809,"[' B ', ' B+ ', ' 74 ', ' C ', '   ', '   ', ' B+ ', ' C+ ', ' B ', ' A ']","[' B ', ' A+ ', ' B ', ' C ', ' P ', ' A ', ' C+ ', ' B+ ', ' B ', ' A ', ' B+ ']"
127,00118248,"[' B ', ' A ', ' P ', ' A+ ', ' A+ ', ' A ', ' B+ ', ' A ', ' A+ ']","[' A ', ' A ', ' A ', ' A+ ', ' A+ ', ' A ', ' A ', ' A+ ', ' A+ ']"
128,00117578,"['   ', '   ', ' B ', ' A+ ', ' P ', ' A+ ', ' A+ ', ' A ', ' B+ ', ' A ', ' A+ ']","[' B+ ', ' B+ ', ' B+ ', ' A+ ', ' A+ ', ' B+ ', ' A ', ' A+ ', ' B+ ']"
129,00118076,"[' B+ ', ' B ', ' P ', ' A ', ' A+ ', ' B ', ' C+ ', ' P ', ' A ']","[' B+ ', ' B+ ', ' A ', ' A ', ' A+ ', ' B+ ', ' A ', ' A ', ' A+ ']"
130,00148481,"[' B+ ', ' B ', ' 75 ', ' C+ ', '   ', '   ', ' A+ ', ' C+ ', ' B ', ' A+ ']","[' B+ ', ' C+ ', ' B ', ' P ', ' P ', ' A ', ' B ', ' B+ ', ' B+ ', ' A ', ' A ']"
131,00141305,"[' C+ ', ' C ', ' B+ ', ' C ', '   ', '   ', ' A+ ', ' C+ ', ' C+ ', ' B+ ', ' A ', ' B+ ']","[' C ', ' B ', ' A+ ', '   ', ' B ', ' P ', ' P ', ' A ', ' C+ ', ' C+ ', ' A ', ' A+ ']"
132,00145213,"[' F ', ' C ', ' F ', ' C+ ', ' F ', ' C ', '   ', ' C+ ', ' D ', ' D ', ' F ', ' B ', ' C+ ']","[' F ', ' C+ ', ' D ', ' B+ ', ' F ', ' C+ ', ' P ', ' P ', ' B+ ', ' D ', ' D ', ' A ', ' B+ ']"
133,00145214,"[' C+ ', ' C ', ' A ', ' B ', '   ', '   ', ' A+ ', ' B ', ' C ', ' B+ ', ' A ', ' A ']","[' B ', ' B+ ', ' B+ ', ' A ', ' B ', ' A ', ' B ', ' A ', ' B ', ' A+ ']"
134,00155895,[],"[' C ', ' B ', ' A+ ', ' D ', ' B ', ' B ', ' A ', ' A ']"
135,00141549,"[' B+ ', ' B+ ', ' 92 ', ' C+ ', '   ', ' A+ ', ' C ', ' B ', ' A ', ' B ']","[' C ', ' A+ ', ' C+ ', ' A+ ', ' D ', ' C ', ' A+ ', ' A ']"
136,00117579,"[' A ', ' A ', ' A+ ', ' B+ ', '   ', ' A+ ', ' B+ ', ' B ', ' B+ ', ' A ', ' A ']","[' B ', ' A+ ', ' A+ ', ' A ', ' A ', ' A+ ', ' A ', ' B+ ', ' A ', ' A ']"
137,00118762,"['   ', '   ', ' D ', ' B ', ' A ', ' A+ ', ' B+ ', ' B ', ' P ', ' A ']","[' C+ ', ' B ', ' B+ ', ' A+ ', ' A+ ', ' B ', ' B+ ', ' A+ ', ' A ']"
138,00117728,"[' B ', ' A ', ' P ', ' B ', ' A+ ', ' B ', ' C ', ' B+ ', ' B ']","[' A ', ' A+ ', ' A+ ', ' A+ ', ' A ', ' B ', ' A+ ', ' B+ ']"
139,00118957,"[' D ', ' B ', ' C ', '   ', '   ', ' A ', ' C ', ' B+ ', ' A ']","[' B ', ' C+ ', ' C+ ', ' P ', ' P ', ' A ', ' D ', ' B ', ' C+ ', ' A ', ' B+ ']"
140,00117520,"[' B ', ' B ', ' 79 ', ' C+ ', '   ', '   ', ' A+ ', ' B ', ' B ', ' A+ ']","[' B+ ', ' A+ ', ' A ', ' B+ ', ' P ', ' A ', ' C+ ', ' B+ ', ' B+ ', ' A ']"
141,00157170,[],"[' C ', ' C+ ', ' A+ ', ' D ', ' A ', ' A ', ' A+ ', ' A ']"
142,00144843,"[' B+ ', ' B+ ', ' 83 ', ' B+ ', '   ', ' A ', ' B ', ' C+ ', ' A ', ' A ']","[' C+ ', ' A+ ', ' C ', ' P ', ' A ', ' C+ ', ' A ', ' A ', ' A ', ' B+ ']"
143,00141561,"[' C ', ' A+ ', ' D ', ' A+ ', ' D ', ' B ', ' P ', ' A+ ']","[' B ', ' B+ ', ' B+ ', ' A+ ', ' A+ ', ' C+ ', ' A ', ' A ', ' A+ ']"
144,00115338,"[' B ', ' A ', ' B+ ', ' C ', '   ', ' A+ ', ' C ', ' C+ ', ' B ', ' A ']","[' 51 ', ' 67 1', ' 53 ', ' 85 5 Jose Marti Freshman Academy', ' 99 5 Jose Marti Freshman Academy', ' 75 5 Jose Marti Freshman Academy']"
145,00157376,[],"[' A ', ' C ', ' P ', ' A ', ' A ', ' B+ ', ' A+ ', ' A ', ' A ']"
146,00115340,"[' C ', '   ', ' B ', ' B+ ', ' A+ ', ' C+ ', ' B ', ' P ', ' A ']","[' C+ ', ' C ', ' B+ ', ' A+ ', ' A+ ', ' C+ ', ' B+ ', ' A ', ' A ']"
147,00117570,"[' D ', ' B ', ' 68 ', ' F ', ' C ', '   ', ' A ', ' D ', ' F ', ' B+ ', ' A ', ' A+ ']","[' 79 ', ' 78 ', ' 74 ', ' B ', ' F ']"
148,00118308,"[' C+ ', ' C+ ', '   ', '   ', ' A+ ', ' C+ ', ' B ', ' B+ ', ' A ']","[' C+ ', ' A+ ', ' C+ ', ' P ', ' A ', ' D ', ' C ', ' C+ ', ' A ', ' B+ ']"
149,00117571,"[' F ', ' C ', ' C ', ' F ', ' C+ ', '   ', '   ', ' A ', ' D ', ' B ', ' A ']","[' D ', ' D ', ' D ', ' P ', ' P ', ' A ', ' D ', ' B ', ' B ', ' B ', ' B+ ']"
150,00117715,"[' A+ ', ' C+ ', ' A ', ' A+ ', ' B ', ' B+ ', ' P ', ' A+ ']","[' A ', ' A ', ' A+ ', ' A+ ', ' A ', ' A+ ', ' A+ ', ' A+ ']"
151,00117814,"[' F ', ' C ', ' B+ ', ' A ', ' P ', ' A+ ', ' D ', ' D ', '   ', ' P ', ' D ']","[' F ', ' F ', ' B ', ' A ', ' A+ ', ' C ', ' B ', ' A ', ' B ']"
152,00149391,"[' C+ ', ' C+ ', ' B ', ' C ', '   ', '   ', ' A+ ', ' C+ ', ' C+ ', ' A+ ', ' B+ ', ' B+ ']","[' C+ ', ' C+ ', ' A+ ', '   ', ' C ', ' P ', ' P ', ' A+ ', ' C+ ', ' B ', ' B+ ', ' A+ ']"
153,00117654,"[' D ', ' D ', ' P ', ' B+ ', ' A+ ', ' C ', ' C ', ' A ', ' D ']","[' C+ ', ' D ', ' B ', ' A ', ' A+ ', ' C+ ', ' B+ ', ' A ', ' B ']"
154,00115961,"[' F ', ' C ', ' F ', ' C ', '   ', '   ', ' B+ ', ' D ', ' D ', ' A ', ' B+ ']","[' D ', ' C+ ', ' C+ ', ' A ', ' A+ ', ' B ', ' C+ ', ' A ', ' B ']"
155,00117722,"[' C+ ', ' B ', ' 92 ', ' C+ ', '   ', ' A+ ', ' C ', ' C+ ', ' B+ ', ' B+ ']","[' B+ ', ' B+ ', ' B+ ', ' P ', ' P ', ' A ', ' C+ ', ' B ', ' B ', ' A ', ' B+ ']"
156,00132372,[],[]
157,00159917,[],[]
158,00148478,"['   ', '   ', '   ', '   ', '   ', '   ', '   ', ' C ', '   ', ' A+ ', ' A+ ', ' A+ ', ' D ', ' C ', ' C ', ' P ', ' A ']","[' C ', ' A ', ' C ', ' A ', ' A+ ', ' C ', ' B ', ' B+ ', ' A ', ' B ']"
159,00127143,"[' B+ ', ' B ', ' B+ ', '   ', '   ', ' A+ ', ' B ', ' A ', ' B+ ', ' A ']","[' A ', ' B ', ' P ', ' A+ ', ' A+ ', ' A ', ' A+ ', ' A ', ' A+ ']"
160,00132760,"[' C+ ', ' C+ ', ' C+ ', ' B ', ' B+ ']","[' B ', ' A+ ', ' D ', ' D ', ' P ', ' A ', ' C+ ', ' B ', ' B ', ' B+ ', ' B+ ']"
161,00131422,"[' B ', ' B ', ' 82 ', ' C ', '   ', ' A+ ', ' C ', ' C+ ', ' A ', ' B+ ']","[' B ', ' A+ ', ' B ', ' C+ ', ' P ', ' A+ ', ' C ', ' B+ ', ' C+ ', ' A ']"
162,00117697,"[' B ', ' B ', ' 8', ' B ', '   ', '   ', ' A+ ', ' C+ ', ' B ', ' A+ ']","[' C ', ' A+ ', ' C ', ' P ', ' A ', ' B ', ' A ', ' A ', ' A ', ' B+ ']"
163,00160652,[],[]
164,00153213,"['   ', '   ', '   ', '   ', '   ', ' C+ ', '   ', '   ', '   ', '   ', '   ', ' C+ ', ' A+ ', ' A+ ', ' B ', ' B+ ', '   ', ' A ', ' A+ ']","[' C ', ' C ', ' A ', ' A+ ', ' C+ ', ' B ', ' A ', ' B ']"
165,00156558,[],"[' A ', ' A+ ', ' A+ ', ' C+ ', ' P ', ' A ', ' B ', '   ', ' A ', ' A+ ', ' A ']"
166,00147728,"[' B ', ' B ', '   ', '   ', ' A ', ' A ', ' B+ ', ' B ', ' A ', ' A ']","[' A ', ' B+ ', ' P ', ' A ', ' A ', ' A ', ' B+ ', ' A+ ', ' A ']"
167,00135228,"[' C ', ' B+ ', ' B ', '   ', '   ', ' A ', ' C ', ' B+ ', ' A+ ']","[' C+ ', ' A+ ', ' B ', ' C+ ', ' P ', ' A ', ' C+ ', ' B+ ', ' C+ ', ' A ', ' A+ ']"
168,00116416,"[' C+ ', ' A+ ', ' B ', ' P ', ' A+ ', ' C+ ', ' B+ ', ' A ']","[' C+ ', ' B ', ' B ', ' A ', ' A+ ', ' B+ ', ' B+ ', ' B+ ', ' B+ ']"
169,00160966,[],[]
170,00158322,[],[]
171,00143677,"[' B ', ' B ', ' A ', ' 92 ', '   ', '   ', ' A ', ' B ', ' B+ ', ' A ', ' B+ ']","[' B ', ' B ', ' P ', ' A ', ' B+ ', ' C+ ', ' A+ ', ' A+ ', ' A ']"
172,00134700,"[' C ', ' A+ ', ' P ', ' A+ ', ' A+ ', ' B ', ' B ', ' A ', ' A ']","[' C+ ', ' A ', ' C+ ', ' A+ ', ' C ', ' B+ ', ' A ', ' A ']"
173,00117874,"[' D ', ' B ', ' P ', ' A ', ' A+ ', ' C+ ', ' B+ ', ' P ', ' B+ ']","[' B ', ' A ', ' B+ ', ' A+ ', ' C ', ' B ', ' A+ ', ' A ']"
174,00148204,"[' C+ ', ' A ', ' D ', '   ', '   ', ' A ', ' B ', ' B ', ' A ', ' A+ ']","[' B+ ', ' A+ ', ' B ', ' C ', ' P ', ' A ', ' B+ ', ' B ', ' B+ ', ' A+ ']"
175,00135131,"[' B ', ' C+ ', ' D ', '   ', '   ', ' A ', ' C ', ' B+ ', ' B+ ', ' B+ ']","[' C+ ', ' A+ ', ' B ', ' C ', ' P ', ' A+ ', ' C ', ' B ', ' B ', ' A ']"
176,00154884,"[' D ', ' B ', ' A ', ' C+ ', ' F ', ' A ', '   ', ' F ']","[' D ', ' C ', ' C ', ' A ', ' C ', ' C+ ', ' C ', ' A ', ' A ', ' B+ ']"
177,00122279,"[' B+ ', ' B ', ' 89 ', ' B ', '   ', ' A ', ' B+ ', ' B+ ', ' A ', ' A+ ']","[' A ', ' A+ ', ' B ', ' A ', ' A ', ' A ', ' B+ ', ' A ', ' B+ ']"
178,00158996,[],[]
179,00117594,"[' C ', ' B ', ' 83 ', ' C ', '   ', ' A+ ', ' D ', ' B ', ' B+ ', ' A ']","[' C+ ', ' A+ ', ' C ', ' P ', ' A ', ' C+ ', ' A ', ' A ', ' A ', ' B+ ']"
180,00128359,"[' B ', ' C+ ', ' B+ ', ' 81 ', '   ', '   ', ' A+ ', ' C+ ', ' C+ ', ' A ', ' A ']","[' C+ ', ' A+ ', ' B ', ' D ', ' P ', ' A ', ' C ', ' C+ ', ' B+ ', ' A ', ' B+ ']"
181,00115384,"['   ', '   ', '   ', ' F ', ' B+ ', ' D ', ' P ', ' A ', ' A+ ', ' F ', ' B+ ', ' C+ ', ' A ', ' B ']","[' F ', ' B ', ' C+ ', ' A ', ' A+ ', ' F ', ' D ', ' B+ ', ' A ']"
182,00148881,"[' C+ ', ' A+ ', ' A+ ', ' A+ ', ' D ', ' C+ ', ' C ', ' P ', ' C+ ']",[]
183,00153303,"[' C ', ' A ', ' C+ ', ' B ', ' F ', ' C+ ', '   ', '   ', ' A+ ', ' D ', ' C ', ' A ', ' A ', ' B ']","[' B ', ' B+ ', ' B ', ' A ', ' B+ ', ' A ', ' A ', ' A ']"
184,00155497,[],"[' C ', ' B ', ' B ', ' A+ ', ' A+ ', ' C+ ', ' B+ ', ' A ', ' A ']"
185,00133164,"['   ', '   ', '   ', ' C ', ' A ', ' P ', ' A+ ', ' A+ ', ' C+ ', ' B ', ' A ', ' A ']","[' C+ ', ' B+ ', ' D ', ' A+ ', ' D ', ' B+ ', ' A ', ' B+ ']"
186,00160008,[],[]
187,00143216,"[' B ', ' B ', '   ', '   ', ' A+ ', ' B ', ' C+ ', ' B+ ', ' A ']","[' D ', ' C+ ', ' C ', ' P ', ' P ', ' A ', ' B ', ' C+ ', ' B ', ' A ', ' B+ ', ' B+ ']"
188,00134822,"[' B ', ' C+ ', ' 73 ', ' C ', '   ', '   ', ' A+ ', ' C ', ' B+ ', ' A+ ']","[' B ', ' C ', ' P ', ' A ', ' A ', ' C+ ', ' B+ ', ' B+ ', ' A ', ' A ']"
189,00115388,"[' C+ ', ' C+ ', ' C+ ', '   ', '   ', ' A ', ' C+ ', ' C+ ', ' B+ ', ' A+ ']","[' B+ ', ' C+ ', ' P ', ' B+ ', ' A ', ' B ', ' A ', ' A+ ', ' B+ ', ' A ']"
190,00143007,"[' D ', ' A+ ', ' C ', ' A+ ', ' F ', ' D ', ' A ', ' B ', ' B+ ']","[' 6', ' ', ' 51 ', ' 7', ' 88 5 Jose Marti Freshman Academy', ' 67 5 Jose Marti Freshman Academy', ' 68 5 Jose Marti Freshman Academy']"
191,00118192,"[' B ', ' B ', ' C+ ', '   ', '   ', ' A ', ' C+ ', ' B ', ' A+ ']","[' B+ ', ' A+ ', ' C+ ', ' B ', ' P ', ' A+ ', ' B ', ' A ', ' B+ ', ' A ']"
192,00146155,[],"[' D ', ' B+ ', ' A ', ' D ', ' P ', ' B+ ', ' C ', '   ', ' C ', ' A ', ' A ']"
193,00117596,"[' C+ ', ' B+ ', ' 74 ', ' C ', '   ', '   ', ' A+ ', ' B ', ' B ', ' B+ ']","[' D ', ' C ', ' D ', ' P ', ' P ', ' A ', ' B+ ', ' B ', ' C ', ' B+ ', ' A ', ' B+ ']"
194,00117906,"[' B+ ', ' B+ ', ' B ', '   ', '   ', ' A ', ' B ', ' A ', ' A+ ']","[' B ', ' B+ ', ' C ', ' P ', ' P ', ' A ', ' B+ ', ' A ', ' A ', ' A ', ' A ', ' A+ ']"
195,00117538,"[' A ', ' A ', ' A+ ', ' A ', '   ', ' A+ ', ' A ', ' A ', ' A ']","[' A ', ' A+ ', ' A ', ' A+ ', ' P ', ' A+ ', ' B+ ', ' A ', ' A ', ' A ', ' A ']"
196,00123962,"[' B ', ' A ', ' A ', ' A+ ', ' B ', ' A ', ' A ', ' A+ ']","[' B+ ', ' A+ ', ' A+ ', ' A+ ', ' B+ ', ' A ', ' A ', ' A+ ']"
197,00118225,"[' B ', ' A+ ', ' A+ ', ' P ', ' A+ ', ' B+ ', ' B+ ', '   ', ' P ', ' A ']","[' C+ ', ' C+ ', ' B+ ', ' A+ ', ' A+ ', ' B ', ' A ', ' A ', ' A+ ']"
198,00140452,"[' D ', ' D ', '   ', '   ', ' A ', ' D ', ' D ', ' B+ ', ' B+ ']","[' F ', ' A+ ', ' F ', ' P ', ' P ', ' B+ ', ' C ', ' D ', ' C ', ' C+ ', ' C+ ']"
199,00151312,"['   ', '   ', '   ', '   ', ' F ', '   ', ' A+ ', ' A ', ' A+ ', ' C ', ' A ', ' C ', ' P ', ' B+ ']","[' D ', ' F ', ' A+ ', ' C ', ' B+ ', ' B+ ', ' A ', ' B+ ']"
200,00115395,[],[]
201,00115208,"[' C ', ' C+ ', ' P ', ' B+ ', ' A+ ', ' B ', ' D ', ' A ', ' B+ ']","[' 59 ', ' 53 ', ' 73 5 Jose Marti Freshman Academy', ' 65 1', ' 8', ' 95 5 Jose Marti Summer School', ' 54 ', ' 62 ']"
202,00144455,"[' B ', ' D ', '   ', '   ', ' A ', ' B ', ' C ', ' C ', ' A ', ' A ']","[' D ', ' C+ ', ' B+ ', ' A+ ', ' B ', ' C ', ' A ', ' B+ ']"
203,00142974,"[' B ', ' C+ ', ' B+ ', '   ', '   ', ' A ', ' C ', ' A ', ' B+ ', ' A ']","[' B ', ' A+ ', ' B ', ' B ', ' P ', ' A ', ' B ', ' B+ ', ' A+ ', ' A+ ']"
204,00134975,"[' C ', ' C+ ', ' B ', ' F ', '   ', '   ', ' A+ ', ' D ', ' C+ ', ' B+ ', ' B+ ', ' B+ ']",[]
205,00115991,"[' C ', ' C+ ', ' C ', ' B ', ' B+ ']","[' C ', ' A+ ', ' A+ ', ' C+ ', ' C ', ' P ', ' B+ ', ' A ', ' F ', ' C ', ' B+ ', ' B+ ']"
206,00158991,[],"[' 85 5 Guatemala', ' 65 5 Guatemala', ' 85 5 Guatemala', ' 65 5 Guatemala', ' 65 5 Guatemala']"
207,00157002,[],"[' B+ ', ' A+ ', ' B+ ', ' A+ ', ' A+ ', ' B ', ' B+ ', ' B+ ', ' A ', ' A+ ']"
208,00118441,"[' D ', ' C ', ' B+ ', '   ', ' A ', ' C+ ', ' B+ ', ' C+ ']","[' B+ ', ' C+ ', ' B+ ', ' P ', ' P ', ' B+ ', ' C+ ', ' B+ ', ' B ', ' A ', ' A ']"
209,00117376,"[' C+ ', '   ', '   ', ' C+ ', ' A+ ', ' A+ ', ' B+ ', ' B+ ', ' A ', ' A+ ']","[' B+ ', ' C+ ', ' B+ ', ' A ', ' A+ ', ' B ', ' B+ ', ' A ', ' A ']"
210,00122956,"[' C ', ' C+ ', ' P ', ' A ', ' A+ ', ' C ', ' B+ ', '   ', ' A ', ' B+ ']","[' C+ ', ' 65 ', ' C ', ' B ']"
211,00137956,"[' D ', ' B ', ' C+ ', '   ', '   ', ' A+ ', ' D ', ' B ', ' A ']","[' B ', ' A+ ', ' D ', ' C ', ' P ', ' A ', ' C+ ', ' B ', ' C ', ' A ', ' A ']"
212,00115409,"['   ', '   ', ' B ', ' C+ ', ' P ', ' A+ ', ' A+ ', ' B+ ', ' A ', '   ', ' A ', ' A ']","[' B ', ' C ', ' A ', ' A+ ', ' B+ ', ' B+ ', ' A+ ', ' B ']"
213,00116750,[],"[' 6', ' 6', ' 6', ' 66 5 Garfield High School', ' 75 5 Garfield High School', ' 75 5 Garfield High School', ' 75 2.5 Garfield High School', ' 6']"
214,00143770,"['   ', '   ', ' C ', '   ', ' A+ ', ' B+ ', ' A+ ', ' D ', ' B ', ' C ', '   ', ' P ', ' C+ ']","[' C+ ', ' D ', ' A+ ', ' C ', ' B ', ' B ', ' A ', ' B ']"
215,00131414,[],[]
216,00141468,"['   ', '   ', '   ', ' C ', '   ', ' A+ ', ' A+ ', ' A+ ', ' C ', ' B+ ', ' B ', ' P ', ' B ']","[' C+ ', ' C+ ', ' A+ ', ' C+ ', ' B+ ', ' B+ ', ' A ', ' B+ ']"
217,00118956,"[' B+ ', ' B+ ', ' P ', ' A+ ', ' A+ ', ' B+ ', ' A ', '   ', ' A ', ' A ']","[' B+ ', ' B ', ' A ', ' A+ ', ' B+ ', ' A ', ' A+ ', ' B ']"
218,00158980,[],[]
219,00155772,[],"[' C ', ' D ', ' A+ ', ' C+ ', ' B+ ', ' B+ ', ' A ', ' B+ ']"
220,00159402,[],[]
221,00116038,"['   ', '   ', ' B ', '   ', ' A+ ', ' B+ ', ' A+ ', ' B+ ', ' B ', ' P ', ' A+ ']","[' B+ ', ' A+ ', ' A+ ', ' A+ ', ' A ', ' A ', ' A ', ' A+ ']"
222,00159119,[],[]
223,00123510,"[' B ', ' A+ ', ' P ', ' A+ ', ' A+ ', ' C+ ', ' C+ ', ' A ', ' B+ ']","[' C ', ' C+ ', ' B ', ' A ', ' A+ ', ' D ', ' C ', ' A ', ' A+ ']"
224,00116448,[],"[' 63 ', ' 89 5 Jose Marti Summer School', ' 63 ', ' 68 5 Jose Marti Summer School', ' 7', ' 89 5 Jose Marti Freshman Academy', ' 81 5 Jose Marti Freshman Academy', ' 56 ']"
225,00128574,"[' B ', ' B ', ' C+ ', '   ', '   ', ' A ', ' C ', ' A ', ' B+ ', ' A ']","[' B ', ' A+ ', ' B ', ' C+ ', ' P ', ' A+ ', ' C+ ', ' B ', ' A ', ' B+ ']"
226,00151256,"[' B+ ', ' B+ ', ' A ', ' A ', ' A ', ' B+ ', ' B+ ', ' A ']","[' B ', ' A ', ' A+ ', ' A ', ' P ', ' A ', ' B+ ', '   ', ' A ', ' A ', ' A ']"
227,00156193,[],"[' C+ ', ' A+ ', ' A+ ', ' B ', ' P ', ' A ', ' C+ ', '   ', ' C+ ', ' B+ ', ' A ']"
228,00117862,"[' B+ ', ' B+ ', ' 88 ', ' B+ ', '   ', '   ', ' A+ ', ' B ', ' A ', ' A ']","[' A ', ' A+ ', ' A ', ' A ', ' A ', ' A ', ' A+ ', ' A ', ' B+ ']"
229,00159461,[],[]
230,00153766,"['   ', '   ', ' F ', ' A+ ', ' P ', ' A+ ', ' D ', ' B+ ', ' F ', ' P ', ' B+ ', ' B ']","[' D ', ' D ', ' A+ ', ' D ', ' B ', ' B ', ' A ', ' B+ ']"
231,00117667,"[' B+ ', ' B ', ' B+ ', ' B+ ', ' B+ ']","[' B ', ' B ', ' B ', ' P ', ' P ', ' A ', ' B+ ', ' B+ ', ' B+ ', ' A ', ' A ']"
232,00122270,[],"[' B ', ' B ', ' C ', ' B+ ', ' A+ ', ' C+ ', ' C+ ', ' A ', ' A ']"
233,00147070,"[' A+ ', ' A ', ' A ', ' A+ ', '   ', '   ', ' A+ ', ' A+ ', ' A ', ' A+ ', ' A ', ' A+ ']","[' A ', ' A+ ', ' A ', ' P ', ' P ', ' A ', ' A+ ', ' A ', ' A+ ', ' A ', ' A ', ' A+ ']"
234,00118188,"[' D ', ' A ', ' C ', ' A+ ', ' A+ ', ' C ', ' C ', ' A ', ' A ']","[' C+ ', ' C+ ', ' A+ ', ' A+ ', ' B ', ' B+ ', ' B+ ', ' B+ ']"
235,00117769,"[' F ', ' B ', ' 67 ', ' F ', '   ', ' A ', ' D ', ' D ', ' B+ ', ' A ']","[' F ', ' I ', ' A+ ', ' F ', ' I ', ' P ', ' A ', ' F ', ' B ', ' C+ ', ' A ', ' B+ ']"
236,00117708,"[' D ', ' C+ ', ' 83 ', ' C ', '   ', '   ', ' A ', ' C ', ' C ', ' B+ ', ' B+ ']","[' D ', ' A+ ', ' C+ ', ' C ', ' P ', ' A ', ' C+ ', ' B ', ' B+ ', ' A+ ']"
237,00116752,[],"[' 6', ' 5', ' 59 ', ' 47 ', ' 65 5 Jose Marti Freshman Academy', ' 72 5 Jose Marti Freshman Academy', ' 73 5 Jose Marti Freshman Academy', ' 65 5 Jose Marti Freshman Academy']"
238,00118101,"[' C+ ', '   ', ' A+ ', ' A+ ', ' P ', ' A+ ', ' C+ ', ' B+ ', '   ', ' P ', ' A ']","[' C+ ', ' C ', ' B ', ' A ', ' A+ ', ' B ', ' B+ ', ' A ', ' A ']"
239,00155173,[],"[' C ', ' C+ ', ' P ', ' A ', ' B ', ' B ', ' A+ ', ' A+ ', ' A ']"
240,00159350,[],"[' 65 5 New York City Department of Education', ' 85 5 New York City Department of Education', ' 75 5 New York City Department of Education', ' 65 5 New York City Department of Education']"
241,00145222,"[' C+ ', ' C+ ', ' B+ ', ' A+ ', ' C ', ' B+ ', '   ', ' P ', ' B+ ']","[' B+ ', ' B ', ' B+ ', ' A+ ', ' A+ ', ' D ', ' B+ ', ' A+ ', ' A ']"
242,00154161,"['   ', '   ', '   ', '   ', ' D ', '   ', ' A+ ', ' P ', ' A+ ', ' B ', ' P ', ' C+ ', ' P ', ' A+ ']","[' B+ ', ' C ', ' A+ ', ' B ', ' A ', ' A+ ', ' A ', ' B+ ']"
243,00146132,"[' B+ ', ' B+ ', ' B+ ', ' B+ ', '   ', ' A+ ', ' B+ ', ' B+ ', ' A ', ' B ', ' A ']","[' B ', ' B+ ', ' A+ ', ' B ', ' P ', ' P ', ' A+ ', ' B ', ' A ', ' A ', ' A+ ']"
244,00159261,[],[]
245,00115425,"[' B+ ', ' B ', ' B+ ', '   ', '   ', ' A+ ', ' B+ ', ' A+ ', ' A ']","[' B+ ', ' B+ ', ' P ', ' A ', ' A ', ' A ', ' A ', ' A ', ' A ', ' A ']"
246,00153270,"[' B ', ' B+ ', ' C+ ', '   ', '   ', ' A+ ', ' C ', ' A ', ' B+ ', ' A ']","[' B ', ' A+ ', ' B ', ' C+ ', ' P ', ' A ', ' B ', ' B+ ', ' C+ ', ' A ', ' A ']"
247,00118393,"[' F ', ' B+ ', ' C ', ' P ', ' A+ ', ' A+ ', ' C ', ' D ', ' A ', ' B+ ']","[' B+ ', ' A ', ' C+ ', ' A+ ', ' C+ ', ' B+ ', ' A ', ' B+ ']"
248,00115426,"['   ', '   ', ' B+ ', ' B ', ' P ', ' A+ ', ' A+ ', ' B+ ', ' A ', '   ', ' A ', ' A ']","[' B+ ', ' B ', ' A+ ', ' A+ ', ' B+ ', ' A ', ' A+ ', ' A+ ']"
249,00126688,"['   ', '   ', ' F ', ' F ', ' P ', ' B+ ', ' A+ ', ' F ', ' D ', ' A ', ' D ']","[' B ', ' A ', ' C ', ' A+ ', ' C ', ' C+ ', ' A ', ' C+ ']"
250,00149074,[],"[' D ', ' A+ ', ' D ', ' A+ ', ' A+ ', ' C ', ' B ', ' B ', ' B+ ', ' B ']"
251,00117920,"[' C+ ', ' B ', ' 78 ', ' C+ ', '   ', '   ', ' A+ ', ' C+ ', ' B ', ' B+ ']","[' D ', ' C+ ', ' C ', ' A ', ' C+ ', ' B ', ' D ', ' A ', ' B ', ' B ']"
252,00157366,[],"[' C+ ', ' A ', ' C ', ' A+ ', ' B ', ' A ', ' A+ ', ' B ']"
253,00125660,"['   ', '   ', '   ', '   ', ' D ', '   ', ' A+ ', ' A ', ' P ', ' A+ ', ' C ', ' C ', '   ', ' P ', ' F ']","[' C ', ' D ', ' C+ ', ' A ', ' A+ ', ' C+ ', ' B+ ', ' A ', ' B+ ']"
254,00117749,"[' C ', '   ', ' B ', ' A ', ' A+ ', ' C ', ' B ', ' A ', ' A ']","[' C+ ', ' B ', ' B+ ', ' A ', ' A+ ', ' B ', ' B+ ', ' B+ ', ' B+ ']"
255,00139759,[],"[' B+ ', ' A+ ', ' B ', ' B ', ' P ', ' A+ ', ' B+ ', ' B ', ' A ', ' A+ ']"
256,00118499,"[' C+ ', ' B+ ', ' 81 ', ' C+ ', '   ', '   ', ' A+ ', ' B ', ' C ', ' A+ ']","[' B+ ', ' A ', ' P ', ' A+ ', ' B+ ', ' B+ ', ' B+ ', ' A ', ' B+ ']"
257,00159047,[],[]
258,00115772,"['   ', '   ', '   ', ' C+ ', '   ', ' C ', ' A+ ', ' A+ ', ' C ', ' C+ ', '   ', ' A ', ' A ']","[' B ', ' C ', ' B ', ' A ', ' A+ ', ' B ', ' B+ ', ' A ', ' A ']"
259,00135744,"[' B ', ' B+ ', ' B ', '   ', ' A ', ' B+ ', ' A ', ' B ']","[' B+ ', ' C ', ' P ', ' A+ ', ' B+ ', ' B+ ', ' A ', ' A+ ', ' B+ ']"
260,00160607,[],[]
261,00114355,[],"[' C+ ', ' A ', ' C ', ' A ', ' C ', ' B ', ' C ', ' A+ ', ' B+ ']"
262,00150508,"[' B ', ' B ', ' B+ ', ' A+ ', ' C+ ', ' B+ ', ' P ', ' B+ ']","[' B ', ' A ', ' C+ ', ' A+ ', ' C ', ' B ', ' A+ ', ' A ']"
263,00118934,"['   ', ' C+ ', '   ', '   ', ' A+ ', ' B+ ', ' A+ ', ' B ', ' B ', ' P ', ' A ']","[' C+ ', ' A ', ' B ', ' A+ ', ' A+ ', ' B ', ' B ', ' A+ ', ' A ']"
264,00155900,[],"[' D ', ' C ', ' A+ ', ' D ', ' B ', ' C+ ', ' A+ ', ' A ']"
265,00115887,"[' C ', ' A ', ' C ', ' B ', ' A+ ', ' C ', ' C ', ' B+ ']","[' B ', ' D ', ' C ', ' F ', ' D ', ' C ', ' C+ ', ' A ', ' B+ ', ' B+ ']"
266,00117343,"[' C+ ', ' A ', ' C ', ' A+ ', ' A+ ', ' C ', ' D ', ' A ', ' A+ ']","[' B+ ', ' C ', ' A ', ' A+ ', ' B ', ' B+ ', ' B+ ', ' B+ ']"
267,00154659,"[' B ', ' A+ ', ' P ', ' A+ ', ' B ', ' B+ ', ' A+ ', ' P ', ' A ']","[' B+ ', ' A+ ', ' A ', ' A+ ', ' A+ ', ' A ', ' A+ ', ' A+ ', ' A ', ' A+ ']"
268,00126613,"[' C+ ', '   ', '   ', ' C+ ', ' P ', ' A ', ' A+ ', ' C+ ', ' B+ ', ' P ', ' B+ ']","[' C+ ', ' C+ ', ' B+ ', ' A+ ', ' A+ ', ' B ', ' A ', ' A+ ', ' A ']"
269,00115438,"[' F ', ' C ', ' A ', ' C ', ' F ', ' C+ ', '   ', '   ', ' A ', ' C ', ' C ', ' C+ ', ' B+ ', ' B+ ']","[' 7', ' 71 5 Jose Marti Freshman Academy', ' 55 ', ' 56 ', ' 79 5 Jose Marti Summer School', ' 71 5 Jose Marti Freshman Academy', ' 64 ']"
270,00113456,"[' C ', ' B+ ', ' D ', '   ', ' B+ ', ' A ', ' C ', ' C+ ', ' B ', ' B ']","[' 69 1', ' 62 ', ' 51 ', ' 4', ' 89 5 Jose Marti Freshman Academy', ' 71 5 Jose Marti Freshman Academy', ' 78 5 Jose Marti Freshman Academy']"
271,00155948,[],"[' C+ ', ' A ', ' A+ ', ' P ', ' A+ ', ' B+ ', ' A ', ' B+ ', ' A ']"
272,00158336,[],[]
273,00115802,"[' B ', '   ', '   ', '   ', ' C+ ', ' P ', ' A+ ', ' A+ ', ' B+ ', ' A ', '   ', ' A ', ' A ']","[' B+ ', ' C+ ', ' A ', ' A+ ', ' A+ ', ' B ', ' A ', ' A+ ', ' A+ ']"
274,00159356,[],[]
275,00137867,"['   ', '   ', '   ', ' C ', '   ', ' A+ ', ' C ', ' P ', ' A+ ', ' C ', ' C+ ', ' A ']","[' B ', ' B ', ' A ', ' A+ ', ' A+ ', ' A ', ' A ', ' A ', ' B+ ']"
276,00159453,[],[]
277,00117604,"[' A ', ' A ', ' B+ ', ' A ', '   ', ' A ', ' A+ ', ' A ', ' A ', ' A+ ']","[' B ', ' A+ ', ' B ', ' B+ ', ' P ', ' B+ ', ' B+ ', ' B ', ' A ', ' A ']"
278,00117605,"[' C ', '   ', ' B ', ' P ', ' A ', ' A+ ', ' B ', ' C ', ' P ', ' C+ ']","[' D ', ' C ', ' B ', ' B+ ', ' A+ ', ' C+ ', ' B+ ', ' A ', ' C ']"
279,00160665,[],[]
280,00123149,[],[]
281,00118154,"[' A ', ' A ', ' NG ', ' NG ', ' NG ', ' A ', ' A ', ' NG ', ' NG ']","[' A ', ' A+ ', ' A ', ' A+ ', ' A+ ', ' A+ ', ' A ', ' F ']"
282,00117841,"[' C ', ' C ', '   ', '   ', ' A+ ', ' D ', ' B ', ' B+ ', ' A ']","[' B ', ' C+ ', ' P ', ' A ', ' A ', ' C+ ', ' A+ ', ' A+ ', ' B ', ' A ']"
283,00118966,[],[]
284,00117609,"[' C+ ', ' C+ ', ' C ', '   ', '   ', ' A ', ' C ', ' B ', ' B+ ', ' B+ ']","[' A ', ' A+ ', ' B ', ' D ', ' P ', ' A ', ' C+ ', ' B+ ', ' A ', ' A ']"
285,00116729,"[' B ', ' A ', ' B+ ', ' C+ ', '   ', ' A+ ', ' A+ ', ' B+ ', ' A ', ' B+ ', ' B+ ']","[' B ', ' A+ ', ' B+ ', ' P ', ' C+ ', ' C+ ', ' B ', ' B ', ' C+ ', ' C+ ', ' B ']"
286,00117687,"[' C+ ', ' C ', ' 78 ', ' C+ ', '   ', '   ', ' A ', ' C ', ' B ', ' B+ ', ' B ']","[' B ', ' A+ ', ' C ', ' B+ ', ' P ', ' A+ ', ' C+ ', ' B+ ', ' B ', ' A ']"
287,00118347,"[' A ', ' A ', ' A ', '   ', ' A ', ' B+ ', ' A ', ' A+ ', ' A+ ']","[' C+ ', ' B+ ', ' P ', ' C+ ', ' A ', ' B+ ', ' B ', ' C+ ', ' A ']"
288,00153094,"[' B ', ' A ', ' B+ ', '   ', '   ', ' A ', ' C+ ', ' B ', ' A ', ' A ']","[' F ', ' A ', ' F ', ' A+ ', ' P ', ' P ', ' A+ ', ' B ', ' B+ ', ' A ', ' A+ ', ' B+ ']"
289,00123858,"['   ', ' 81 ', ' 75 ', '   ', ' 79 ']","[' B ', ' 78 ', ' B ', ' B1 ']"
290,00146760,"[' C ', ' C ', ' B ', ' B ', '   ', ' A+ ', ' B ', ' B+ ', ' C+ ', ' B ', ' B+ ']","[' C+ ', ' C+ ', ' A+ ', ' B+ ', ' P ', ' A+ ', ' B ', '   ', ' C+ ', ' A ', ' A+ ']"
291,00116046,"[' B ', ' C+ ', ' B+ ', '   ', '   ', ' A+ ', ' B+ ', ' A ', ' A ', ' A ']","[' B+ ', ' A+ ', ' C+ ', ' B ', ' P ', ' A ', ' C+ ', ' B ', ' B+ ', ' A ']"
292,00150819,[],[]
293,00119503,"['   ', '   ', '   ', '   ', '   ', ' C ', '   ', ' A+ ', ' B+ ', ' A+ ', ' B ', ' B ', ' P ', ' A+ ']","[' C+ ', ' A+ ', ' A ', ' A+ ', ' C+ ', ' B ', ' A ', ' A ']"
294,00114515,[],[]
295,00116442,"[' C ', ' 7', ' C ', '   ', '   ', ' A ', ' C ', ' B+ ', ' B+ ', ' B+ ']","[' F ', ' B+ ', ' C+ ', ' F ', ' C+ ', ' P ', ' P ', ' C+ ', ' C+ ', ' C ', ' B ', ' B+ ', ' A ', ' B+ ']"
296,00149471,"['   ', '   ', ' B+ ', '   ', ' A+ ', ' A+ ', ' A+ ', ' B ', ' B ', ' B+ ', ' P ', ' B+ ']","[' A ', ' A+ ', ' B+ ', ' A+ ', ' A+ ', ' B+ ', ' A+ ', ' A+ ', ' A ', ' A ']"
297,00159168,[],[]
298,00144787,"[' B+ ', ' B+ ', ' B+ ', ' B+ ', '   ', ' A+ ', ' A ', ' A+ ', ' B+ ', ' B ', ' A ']","[' C ', ' B+ ', ' A+ ', ' A ', ' P ', ' P ', ' A+ ', ' B+ ', ' B ', ' A ', ' A+ ']"
299,00123031,"[' B ', ' B ', ' D ', '   ', '   ', ' B+ ', ' D ', ' C ', ' B+ ', ' B ']","[' F ', ' B ', ' P ', ' F ', ' F ', ' B+ ', ' A ', ' C+ ', ' C+ ', ' B ']"
300,00118162,"[' C+ ', ' A ', ' C+ ', ' B ', ' A+ ', ' D ', ' A ', ' B+ ']","[' B ', ' A+ ', ' B+ ', ' C ', ' P ', ' A ', ' B ', ' B+ ', ' A ', ' B+ ']"
301,00117438,"[' B+ ', ' A ', ' 89 ', ' B+ ', '   ', ' A+ ', ' B ', ' B+ ', ' A ', ' A+ ']","[' B ', ' A+ ', ' B+ ', ' B ', ' P ', ' A ', ' C+ ', ' B ', ' C+ ', ' A+ ']"
302,00160403,[],[]
303,00158602,[],[]
304,00151504,"[' C ', ' A+ ', ' P ', ' A+ ', ' C ', ' A+ ', ' B ', ' A+ ', ' A ']","[' B+ ', ' B ', ' A+ ', ' B ', ' A ', ' A+ ', ' A+ ', ' A+ ']"
305,00117614,"[' B ', ' B+ ', ' B ', '   ', '   ', ' A ', ' C+ ', ' A ', ' A ', ' A ']","[' A ', ' A+ ', ' C ', ' C ', ' P ', ' A ', ' B+ ', ' B+ ', ' C+ ', ' A ', ' A ']"
306,00126594,"[' C+ ', ' B ', '   ', '   ', ' A+ ', ' C ', ' B ', ' B+ ', ' B+ ']","[' C ', ' A+ ', ' C+ ', ' P ', ' A ', ' B ', ' B+ ', ' B ', ' A ', ' B ']"
307,00131229,"[' B ', ' C ', ' P ', ' A+ ', ' A+ ', ' B ', ' B+ ', '   ', ' A ', ' B+ ']","[' B ', ' B ', ' A ', ' A+ ', ' B+ ', ' A ', ' A+ ', ' A ']"
308,00118967,"[' C+ ', ' D ', ' A ', ' A+ ', ' D ', ' B+ ', ' P ', ' A ']","[' C+ ', ' A+ ', ' C ', ' A+ ', ' D ', ' C+ ', ' A ', ' A ']"
309,00122561,[],[]
310,00118190,"[' B+ ', ' B+ ', ' B+ ', ' A+ ', ' B ', ' C ', ' P ', ' C ']","[' C+ ', ' B+ ', ' A+ ', ' A+ ', ' B ', ' A ', ' A ', ' B+ ']"
311,00115469,"[' D ', ' B ', ' B ', ' A+ ', ' D ', ' D ', '   ', ' P ', ' D ']","[' D ', ' B+ ', ' D ', ' A+ ', ' F ', ' D ', ' A+ ', ' B+ ']"
312,00117516,"[' C+ ', ' B ', ' 84 ', ' C ', '   ', ' A ', ' D ', ' A ', ' B+ ', ' A ']","[' C ', ' C ', ' D ', ' P ', ' P ', ' A ', ' B ', ' B+ ', ' A+ ', ' A ', ' B+ ', ' A ']"
313,00139954,"[' C+ ', ' B+ ', ' C+ ', ' A ', ' A+ ', ' C+ ', ' B+ ', ' B+ ']",[]
314,00115803,"[' B ', ' B ', ' A ', ' A+ ', ' C+ ', ' C ', ' P ', ' C+ ']","[' D ', ' A+ ', ' C+ ', ' A+ ', ' D ', ' C+ ', ' A+ ', ' A ']"
315,00117508,"[' B ', ' A ', ' C+ ', ' A+ ', ' C+ ', ' B+ ', ' P ', ' B+ ']","[' B+ ', ' A ', ' B ', ' A+ ', ' C+ ', ' B+ ', ' A ', ' B+ ']"
316,00118090,"[' B+ ', ' B+ ', ' 97 ', ' B+ ', '   ', '   ', ' A ', ' B ', ' B+ ', ' B+ ', ' B+ ']","[' B ', ' A+ ', ' B ', ' P ', ' A ', ' B ', ' A ', ' B ', ' A ', ' B+ ']"
317,00135115,"[' D ', ' B ', ' D ', ' B ', ' F ', ' C ', '   ', '   ', ' A+ ', ' F ', ' D ', ' C+ ', ' B+ ', ' A ']","[' B ', ' B ', ' A ', '   ', ' B ', ' P ', ' P ', ' A ', ' C+ ', ' B+ ', ' B+ ', ' A+ ']"
318,00135017,"['   ', ' C+ ', ' B ', ' A+ ', ' A+ ', ' C+ ', ' C+ ', '   ', ' P ', ' A ']","[' C+ ', ' B ', ' A ', ' A+ ', ' B ', ' B ', ' B ', ' A+ ']"
319,00118105,"['   ', ' B+ ', '   ', ' A ', ' P ', ' A ', ' A+ ', ' D ', ' C+ ', '   ', ' P ', ' A ']","[' B+ ', ' C+ ', ' B ', ' A+ ', ' A+ ', ' D ', ' B ', ' A ', ' A+ ']"
320,00118989,"[' C ', ' C ', ' A+ ', ' A+ ', ' C+ ', ' C ', ' P ', ' A ']","[' B ', ' C+ ', ' B+ ', ' A+ ', ' B ', ' B+ ', ' A ', ' C+ ']"
321,00118779,"[' C ', ' C+ ', ' B ', ' A ', ' B+ ']","[' B ', ' A+ ', ' B ', ' B+ ', ' P ', ' A ', ' B ', ' A ', ' A ', ' A ', ' A+ ']"
322,00118282,"[' B+ ', ' C+ ', ' C+ ', ' A ', ' A ', ' C+ ', ' A ', ' B+ ']","[' C+ ', ' C+ ', ' D ', ' A ', ' C+ ', ' A ', ' B ', ' A ', ' A ', ' A ']"
323,00118135,"[' C ', ' B ', ' B ', '   ', ' A ', ' B+ ', ' B+ ', ' A ']","[' C ', ' B ', ' P ', ' A ', ' A ', ' B ', ' B+ ', ' B+ ', ' A ', ' A ']"
324,00117989,[],[]
325,00118343,"[' B ', ' B ', ' C+ ', '   ', '   ', ' A ', ' B+ ', ' C+ ', ' B+ ', ' B+ ']","[' B ', ' A+ ', ' C+ ', ' B ', ' P ', ' A+ ', ' B ', ' C+ ', ' B+ ', ' A ']"
326,00158056,[],[]
327,00159278,[],[]
328,00118331,"['   ', '   ', '   ', '   ', '   ', '   ', '   ', ' B+ ', '   ', ' B ', ' P ', ' A+ ', ' A+ ', ' A ', ' A ', '   ', '   ', ' A ', ' A ']","[' B+ ', ' A ', ' A+ ', ' A+ ', ' A ', ' A+ ', ' A ', ' A+ ']"
329,00149707,"['   ', '   ', ' B ', '   ', ' A+ ', ' A+ ', ' A+ ', ' C+ ', ' B+ ', ' B ', '   ', ' P ', ' B ']","[' B+ ', ' B ', ' A+ ', ' B ', ' A ', ' A ', ' A ', ' A ']"
330,00117825,"['   ', ' C ', ' B+ ', ' A+ ', ' A+ ', ' B+ ', ' B ', ' P ', ' A+ ']","[' A ', ' A+ ', ' A ', ' A+ ', ' A+ ', ' B+ ', ' A+ ', ' A ', ' A+ ']"
331,00130915,"[' C ', ' 83 ', ' C+ ', '   ', '   ', ' A ', ' C ', ' C+ ', ' B+ ', ' B+ ']","[' C ', ' A+ ', ' C ', ' C+ ', ' P ', ' A ', ' C+ ', ' B ', ' C ', ' A ', ' B ']"
332,00148283,"[' B+ ', ' A+ ', ' P ', ' A+ ', ' A+ ', ' B+ ', ' A ', '   ', ' A ', ' A ']","[' A+ ', ' A ', ' A+ ', ' A+ ', ' A+ ', ' A+ ', ' A+ ', ' A ']"
333,00139912,"[' B ', ' A+ ', ' A ', ' A+ ', ' A ', ' A ', ' A ', ' A+ ']","[' A ', ' A+ ', ' A+ ', ' A+ ', ' A ', ' A ', ' A ', ' A ']"
334,00153227,"['   ', '   ', '   ', '   ', ' A ', '   ', ' A+ ', ' A+ ', ' A+ ', ' B+ ', ' B+ ', ' B+ ', '   ', ' P ', ' B ']","[' B ', ' C ', ' B+ ', ' A+ ', ' A+ ', ' B+ ', ' A ', ' A+ ', ' B+ ']"
335,00117528,"[' C+ ', ' B ', ' 8', ' C+ ', '   ', ' A ', ' C+ ', ' B ', ' B+ ', ' A+ ']","[' D ', ' C+ ', ' A+ ', ' F ', ' D ', ' P ', ' B+ ', ' A ', ' F ', ' D ', ' C ', ' A ', ' B+ ']"
336,00117019,"['   ', ' C+ ', ' C+ ', ' A+ ', ' A+ ', ' C ', ' B ', ' A ', ' A ']","[' B ', ' A ', ' C+ ', ' A+ ', ' C ', ' B+ ', ' A ', ' B+ ']"
337,00155705,[],"[' D ', ' B ', ' C ', ' A ', ' F ', ' D ', ' P ', ' A ', ' D ', '   ', ' D ', ' B+ ', ' B+ ']"
338,00118476,"[' B ', ' 79 ', ' B ', '   ', '   ', ' A ', ' C+ ', ' A+ ', ' B+ ', ' A ']","[' C+ ', ' A+ ', ' C+ ', ' C+ ', ' P ', ' A+ ', ' B ', ' B+ ', ' A+ ', ' A ']"
339,00117911,"['   ', '   ', ' B+ ', '   ', '   ', ' A+ ', ' A+ ', ' P ', ' A+ ', ' B+ ', ' B+ ', '   ', ' P ', ' A ']","[' C+ ', ' C+ ', ' A ', ' A+ ', ' B ', ' A ', ' A+ ', ' A ']"
340,00145094,"[' C ', ' C ', ' P ', ' A+ ', ' A+ ', ' C ', ' D ', ' B+ ', ' B+ ']","[' D ', ' A+ ', ' C ', ' A+ ', ' D ', ' C+ ', ' A ', ' A ']"
341,00132193,"[' B ', ' C+ ', ' 93 ', ' C+ ', '   ', ' A+ ', ' C+ ', ' A ', ' B+ ', ' A ']","[' B+ ', ' A+ ', ' B ', ' A ', ' B+ ', ' A ', ' A ', ' A ', ' A ']"
342,00122966,"[' B ', ' B+ ', '   ', '   ', ' A+ ', ' B ', ' A ', ' B+ ', ' A ']","[' B+ ', ' A+ ', ' B ', ' B+ ', ' P ', ' A+ ', ' B ', ' B+ ', ' A+ ', ' A ']"
343,00117790,[],"[' A ', ' A+ ', ' A ', ' A ', ' P ', ' A ', ' A ', ' A ', ' A ', ' A ', ' A+ ']"
344,00115950,"['   ', '   ', ' D ', ' D ', ' P ', ' A ', ' A+ ', ' C+ ', ' C ', ' A ', ' A+ ']","[' C ', ' D ', ' B ', ' A+ ', ' A+ ', ' D ', ' D ', ' A ', ' A+ ']"
345,00123329,"[' D ', ' A+ ', ' F ', ' B+ ', ' P ', ' A+ ', ' D ', ' B ', ' A ']","[' C ', ' D ', ' C+ ', ' A ', ' A+ ', ' D ', ' B ', ' A ', ' B ']"
346,00118793,"[' C+ ', ' B+ ', ' A+ ', ' A+ ', ' B+ ', ' B+ ', ' P ', ' A+ ']","[' B+ ', ' A ', ' A ', ' A+ ', ' A+ ', ' B+ ', ' A ', ' A+ ', ' A+ ']"
347,00116418,"['   ', '   ', '   ', ' B+ ', '   ', '   ', '   ', ' C ', ' A+ ', ' A+ ', ' C+ ', ' B+ ', ' A ', ' A+ ']","[' A ', ' A ', ' C+ ', ' A+ ', ' B ', ' A+ ', ' A ', ' A ']"
348,00117795,"[' D ', ' 73 ', ' C ', '   ', '   ', ' A ', ' C ', ' C+ ', ' B+ ', ' B+ ']","[' B ', ' D ', ' D ', ' P ', ' P ', ' A ', ' C ', ' C+ ', ' B ', ' A ', ' A ']"
349,00122908,"[' D ', ' A+ ', ' A+ ', ' P ', ' A+ ', ' B ', ' A ', '   ', ' P ', ' B+ ']","[' B ', ' C ', ' A ', ' A+ ', ' C+ ', ' A ', ' A+ ', ' B ']"
350,00118185,"[' B ', ' B+ ', ' 93 ', ' C+ ', '   ', ' A+ ', ' C+ ', ' A ', ' A ', ' A ']","[' B ', ' A+ ', ' C ', ' C ', ' P ', ' A ', ' B ', ' B+ ', ' C ', ' A ', ' A+ ']"
351,00118271,"['   ', '   ', ' C ', '   ', ' D ', ' P ', ' A ', ' A+ ', ' F ', ' A ', ' A ', ' C+ ']","[' C ', ' B ', ' C ', ' A+ ', ' A+ ', ' F ', ' C ', ' A+ ', ' C+ ']"
352,00127526,"[' C ', ' B+ ', ' B+ ', ' A+ ', ' A+ ', ' C+ ', ' B ', ' A ', ' A ']","[' C ', ' C+ ', ' B+ ', ' A ', ' A+ ', ' C+ ', ' B+ ', ' A ', ' B ']"
353,00153232,"[' C+ ', ' C+ ', ' B ', ' B ', '   ', ' A ', ' B ', ' B ', ' C+ ', ' B ', ' A ']","[' B ', ' C+ ', ' A+ ', ' C ', ' P ', ' B+ ', ' C+ ', '   ', ' B ', ' A ', ' A ']"
354,00115897,"[' C+ ', ' B+ ', ' 8', ' C+ ', '   ', ' A ', ' C ', ' C ', ' B+ ', ' C+ ']","[' B ', ' A+ ', ' B ', ' A ', ' B ', ' B+ ', ' C+ ', ' A ', ' C+ ']"
355,00118999,"[' C+ ', ' B+ ', ' F ', ' C ', ' A+ ', ' F ', ' B+ ', ' P ', ' B ', ' B+ ']","[' C ', ' C+ ', ' B ', ' B+ ', ' A+ ', ' D ', ' B ', ' A+ ', ' F ']"
356,00117675,"[' C+ ', ' B ', ' A+ ', ' A+ ', ' B+ ', ' B ', ' P ', ' A+ ']","[' B ', ' B ', ' B ', ' A ', ' A+ ', ' B+ ', ' B+ ', ' A ', ' B+ ']"
357,00117484,"[' C ', ' B ', ' B+ ', '   ', '   ', ' A ', ' C+ ', ' A ', ' B+ ', ' B+ ']","[' C ', ' B+ ', ' B ', ' P ', ' P ', ' A ', ' B ', ' B+ ', ' B+ ', ' A ', ' A ', ' A ']"
358,00153712,"[' C+ ', ' A+ ', ' A+ ', ' A+ ', ' C+ ', ' B ', ' B+ ', ' P ', ' A ']","[' C+ ', ' A ', ' D ', ' A ', ' A+ ', ' C+ ', ' B ', ' B ', ' A+ ', ' A ']"
359,00117731,"[' C+ ', ' B+ ', ' B ', '   ', '   ', ' A+ ', ' C ', ' B+ ', ' B+ ']","[' B+ ', ' A+ ', ' P ', ' A ', ' A ', ' A ', ' A ', ' A+ ', ' A ', ' A+ ']"
360,00148905,"[' D ', ' A ', ' A ', ' A+ ', ' C ', ' C ', ' C ', ' P ', ' B+ ']","[' C ', ' A ', ' D ', ' A ', ' A+ ', ' B ', ' A ', ' B+ ', ' A ', ' C+ ']"
361,00160014,[],[]
362,00123207,"[' A ', ' 83 ', ' A ', '   ', '   ', ' A ', ' B+ ', ' A+ ', ' A ', ' B+ ']","[' A ', ' B ', ' P ', ' A+ ', ' A ', ' B+ ', ' A+ ', ' A ', ' A ']"
363,00138184,"['   ', '   ', '   ', '   ', '   ', '   ', '   ', '   ', ' F ', '   ', '   ', ' A ', ' F ', ' P ', ' A+ ', ' D ', ' D ', ' A ']","[' B ', ' A ', ' A ', ' A+ ', ' A ', ' A ', ' A ', ' B+ ']"
364,00117826,"[' C+ ', ' B ', '   ', '   ', ' A+ ', ' B+ ', ' B ', ' A ', ' A ']","[' B ', ' A+ ', ' B+ ', ' B ', ' P ', ' A ', ' B ', ' B+ ', ' B ', ' A ', ' B ']"
365,00115508,[],"[' A+ ', ' C+ ', ' P ', ' P ', ' A+ ', ' A+ ', ' A+ ', ' A+ ', ' B+ ', ' A ']"
366,00141380,[],"[' C+ ', ' B ', ' A ', ' B ', ' P ', ' P ', ' B+ ', ' B ', ' B ', ' B+ ', ' B+ ']"
367,00117633,"[' B ', ' A ', ' P ', ' A+ ', ' A+ ', ' B+ ', ' A ', '   ', ' A ', ' A ']","[' C ', ' B ', ' A+ ', ' A+ ', ' B ', ' B ', ' A ', ' A ']"
368,00146169,"[' B+ ', ' B ', ' B+ ', '   ', '   ', ' A ', ' A ', ' A ', ' A+ ']","[' B ', ' B+ ', ' A ', ' P ', ' P ', ' A ', ' A ', ' A ', ' B ', ' A ', ' A+ ', ' A ']"
369,00144847,"['   ', '   ', ' C+ ', ' B+ ', ' A+ ', ' A+ ', ' A ', ' B+ ', ' P ', ' A+ ']","[' A ', ' A ', ' A ', ' A+ ', ' A+ ', ' B+ ', ' A ', ' A ', ' A+ ']"
370,00150889,"[' D ', ' D ', '   ', '   ', ' A+ ', ' C ', ' C+ ', ' B+ ', ' B ']","[' F ', ' C+ ', ' A ', ' F ', ' B ', ' P ', ' A ', ' C+ ', ' C+ ', ' C ', ' B+ ', ' A ']"
371,00118196,"[' C ', ' C+ ', ' B ', '   ', ' A ', ' C ', ' B ', ' B+ ']","[' D ', ' D ', ' P ', ' B+ ', ' B+ ', ' D ', ' B+ ', ' C+ ', ' A ', ' B ']"
372,00115777,"[' B+ ', ' A ', ' B+ ', ' C+ ', ' A ', ' A+ ', ' B ', ' A ', ' B+ ']","[' A ', ' C+ ', ' P ', ' A+ ', ' A+ ', ' B+ ', ' A ', ' A+ ', ' A+ ', ' A+ ']"
373,00158634,[],[]
374,00122638,"[' C+ ', ' A ', ' D ', ' A+ ', ' D ', ' C ', ' P ', ' A+ ']","[' B ', ' A ', ' C ', ' A+ ', ' C ', ' A ', ' A ', ' A+ ']"
375,00115520,"[' D ', ' A+ ', ' P ', ' P ', ' A+ ', ' C ', ' C ', '   ', ' P ', ' NG ']","[' B+ ', ' B+ ', ' B ', ' A ']"
376,00151310,"[' C+ ', ' C+ ', ' B ', ' C ', '   ', ' A+ ', ' C ', ' C+ ', ' B ', ' B ', ' A ']",[]
377,00140283,"[' D ', ' C+ ', ' 89 ', ' D ', '   ', '   ', ' A ', ' C ', ' C+ ', ' B+ ', ' B+ ']","[' C ', ' A+ ', ' D ', ' A ', ' D ', ' B ', ' B ', ' A ', ' B ']"
378,00135159,"[' C ', ' B+ ', ' C ', '   ', '   ', ' A ', ' D ', ' B+ ', ' B+ ', ' B+ ']","[' D ', ' A+ ', ' D ', ' P ', ' A ', ' D ', ' B ', ' C ', ' A ', ' B ']"
379,00153230,"[' C+ ', ' A+ ', ' A+ ', ' A+ ', ' C+ ', ' B ', ' B ', ' P ', ' B ']","[' C+ ', ' A+ ', ' C+ ', ' A ', ' A+ ', ' B ', ' B+ ', ' B+ ', ' A ', ' B+ ']"
380,00127459,"['   ', '   ', '   ', ' D ', ' A+ ', ' A ', ' P ', ' A+ ', ' C ', ' B ', '   ', '   ', ' P ', ' A ']","[' B ', ' A+ ', ' C ', ' A+ ', ' C+ ', ' B ', ' A+ ', ' A ']"
381,00116735,[],[]
382,00144264,"[' B ', ' B ', ' B ', ' B+ ', '   ', ' A ', ' A ', ' B+ ', ' B ', ' B ', ' A ']","[' C+ ', ' B+ ', ' A+ ', ' B ', ' P ', ' P ', ' A ', ' B ', ' C+ ', ' A ', ' A+ ']"
383,00159116,[],[]
384,00117803,"[' C+ ', ' B ', ' B ', ' B+ ', ' B+ ']","[' B+ ', ' A+ ', ' C+ ', ' B+ ', ' P ', ' A ', ' B ', ' B+ ', ' B+ ', ' B+ ']"
385,00117788,"[' B+ ', ' C+ ', ' B+ ', ' B+ ', ' B+ ']","[' B ', ' C ', ' D ', ' P ', ' P ', ' A ', ' B+ ', ' B+ ', ' B ', ' A ', ' A ', ' A ']"
386,00156868,[],"[' D ', ' B ', ' A+ ', ' D ', ' B ', ' B ', ' A ', ' B+ ']"
387,00150620,"[' A ', ' C+ ', ' B ', ' A ', ' A ', ' B ', ' B+ ', ' A ']","[' C+ ', ' C ', ' A ', ' D ', ' P ', ' B+ ', ' C+ ', '   ', ' C+ ', ' A ', ' B+ ']"
388,00118509,"[' C ', ' C+ ', ' 74 ', ' C+ ', '   ', '   ', ' A ', ' C ', ' C ', ' B+ ', ' B+ ']","[' C+ ', ' A+ ', ' F ', ' F ', ' P ', ' A ', ' C ', ' C+ ', ' C+ ', ' A ', ' B ']"
389,00117756,"[' D ', ' B+ ', ' P ', ' A+ ', ' A+ ', ' D ', ' D ', ' C+ ', ' C+ ']","[' D ', ' C ', ' B ', ' A+ ', ' A+ ', ' C ', ' C ', ' A ', ' C ']"
390,00117401,[],[]
391,00118919,"['   ', '   ', '   ', '   ', ' C ', '   ', ' B+ ', ' P ', ' A+ ', ' A+ ', ' C+ ', ' C+ ', ' A ', ' B+ ']",[]
392,00149282,"['   ', '   ', '   ', '   ', '   ', ' C+ ', '   ', ' A+ ', ' A+ ', ' A+ ', ' C+ ', ' B+ ', ' C ', ' P ', ' B ']","[' C+ ', ' D ', ' A+ ', ' D ', ' B ', ' B ', ' A ', ' C ']"
393,00128308,"[' C+ ', ' B ', ' D ', '   ', '   ', ' A+ ', ' D ', ' B+ ', ' A ']","[' C+ ', ' A+ ', ' D ', ' D ', ' P ', ' B+ ', ' C ', ' C+ ', ' B ', ' A ', ' A ']"
394,00127057,"[' B+ ', ' B+ ', ' B ', '   ', '   ', ' A ', ' B ', ' A ', ' A ', ' A ']","[' A ', ' B+ ', ' P ', ' A ', ' B+ ', ' B+ ', ' A ', ' A+ ', ' A ', ' A ']"
395,00149414,"[' F ', ' B ', ' D ', ' B ', ' F ', ' D ', '   ', '   ', ' A+ ', ' F ', ' D ', ' B ', ' B+ ', ' A+ ']","[' D ', ' A+ ', ' C+ ', ' D ', ' P ', ' A ', ' C ', ' B ', ' C+ ', ' A ', ' B ']"
396,00159003,[],[]
397,00128468,"[' B ', ' C+ ', ' 86 ', ' C+ ', '   ', '   ', ' A ', ' C+ ', ' D ', ' B+ ', ' B+ ']","[' C+ ', ' C ', ' D ', ' A ', ' C ', ' A ', ' C+ ', ' B+ ']"
398,00152014,"[' B+ ', ' A+ ', ' A+ ', ' A+ ', ' B+ ', ' A+ ', ' A+ ', ' P ', ' A+ ']","[' B+ ', ' B ', ' A ', ' A+ ', ' A+ ', ' B+ ', ' A ', ' A ', ' A+ ']"
399,00117888,"['   ', '   ', '   ', '   ', '   ', '   ', ' C ', '   ', '   ', ' A+ ', ' A ', ' P ', ' A+ ', ' B ', ' B+ ', '   ', ' P ', ' A ']","[' D ', ' B ', ' B ', ' B+ ', ' A+ ', ' D ', ' C+ ', ' A ', ' A ']"
400,00118389,[],[]
401,00117677,"[' C+ ', ' C ', ' C+ ', ' B ', ' B+ ']","[' C+ ', ' A+ ', ' D ', ' A ', ' C+ ', ' C+ ', ' D ', ' B+ ', ' C ']"
402,00117863,"['   ', '   ', ' C+ ', ' B ', ' A+ ', ' A+ ', ' B+ ', ' B+ ', ' A ', ' A+ ']","[' B+ ', ' A+ ', ' B+ ', ' A+ ', ' B ', ' C+ ', ' A ', ' A+ ']"
403,00115532,"[' F ', ' D ', ' A+ ', ' C ', ' A+ ', ' A+ ', ' D ', ' D ', ' B ', ' A ']","[' C ', ' C ', ' B+ ', ' A+ ', ' C+ ', ' B+ ', ' B+ ', ' B+ ']"
404,00126684,"[' B ', '   ', '   ', ' A+ ', ' B ', ' P ', ' A+ ', ' C ', ' B ', ' A ']","[' B+ ', ' B+ ', ' B+ ', ' A ', ' A+ ', ' A ', ' A ', ' A+ ', ' A ']"
405,00128155,"[' B+ ', ' B ', ' P ', ' A ', ' A+ ', ' B ', ' C+ ', ' A ', ' B+ ']","[' B+ ', ' B ', ' B ', ' A+ ', ' A+ ', ' B+ ', ' B+ ', ' A ', ' A ']"
406,00159034,[],[]
407,00141231,"[' C+ ', ' A+ ', ' B+ ', ' P ', ' A+ ', ' B ', ' B ', ' A+ ']","[' B+ ', ' A ', ' A ', ' A+ ', ' A+ ', ' A ', ' A ', ' A+ ', ' A ']"
408,00159004,[],[]
409,00152041,"[' B+ ', ' A+ ', ' A ', ' P ', ' A+ ', ' B+ ', ' A ', ' A ']","[' A+ ', ' A ', ' A+ ', ' A+ ', ' A+ ', ' A ', ' A+ ', ' A ']"
410,00155922,[],"[' C+ ', ' B+ ', ' B+ ', ' A+ ', ' B ', ' B+ ', ' A ', ' C+ ']"
411,00115534,"[' B+ ', ' B+ ', ' C ', '   ', '   ', ' A ', ' C ', ' A ', ' A+ ']","[' B ', ' A ', ' F ', ' P ', ' B+ ', ' B+ ', ' A+ ', ' C+ ', ' B+ ', ' A ']"
412,00158990,[],[]
413,00117726,"[' C+ ', ' B ', ' F ', ' C ', ' B ', ' A+ ', ' C ', ' B ', ' C+ ', ' B+ ']","[' B ', ' D ', ' C ', ' P ', ' P ', ' A ', ' C ', ' C ', ' B ', ' A ', ' B+ ']"
414,00148880,"['   ', ' B ', '   ', '   ', '   ', ' B+ ', ' A ', ' A+ ', '   ', ' C+ ', ' B+ ', ' B ', '   ', ' P ', ' C+ ']","[' C ', ' C+ ', ' C+ ', ' A+ ', ' A+ ', ' C+ ', ' C+ ', ' A ', ' C+ ']"
415,00158054,[],[]
416,00150867,"[' C+ ', ' C ', ' B ', ' C+ ', '   ', ' A ', ' B ', ' B ', ' C+ ', ' B ', ' B+ ']","[' B ', ' C+ ', ' A+ ', ' B ', ' P ', ' A ', ' B ', '   ', ' B+ ', ' A ', ' A ']"
417,00115539,"['   ', ' C ', ' C ', ' P ', ' A+ ', ' A+ ', ' C+ ', ' C+ ', ' B+ ', ' B ']","[' D ', ' B ', ' B+ ', ' B+ ', ' A+ ', ' C ', ' C+ ', ' A ', ' B ']"
418,00138093,"[' C+ ', ' B+ ', ' B ', '   ', '   ', ' A+ ', ' C ', ' B ', ' A+ ']","[' B+ ', ' A+ ', ' B+ ', ' A ', ' C+ ', ' B ', ' B+ ', ' A ', ' B+ ']"
419,00124084,"[' C+ ', ' 8', ' B ', '   ', '   ', ' B+ ', ' C+ ', ' B+ ', ' B ', ' A+ ']","[' D ', ' A+ ', ' B+ ', ' F ', ' B+ ', ' P ', ' P ', ' B ', ' C ', ' B ', ' C ', ' A ', ' A ', ' B+ ']"
420,00159017,[],[]
421,00159386,[],[]
422,00118079,"['   ', '   ', ' D ', '   ', ' A+ ', ' A+ ', ' P ', ' A+ ', ' B ', ' B+ ', '   ', '   ', ' P ', ' B ']","[' A ', ' A+ ', ' A ', ' A+ ', ' A+ ', ' B+ ', ' A ', ' A ', ' A+ ']"
423,00117712,"[' B+ ', ' B+ ', ' A ', ' A+ ', ' C+ ', ' B+ ', ' P ', ' A+ ']","[' A ', ' A+ ', ' A ', ' A+ ', ' A+ ', ' B ', ' A ', ' A+ ', ' A+ ']"
424,00140341,"[' C ', ' C ', ' B+ ', ' D ', ' C ', '   ', '   ', ' A+ ', ' C ', ' B+ ', ' A ']","[' C ', ' A+ ', ' F ', ' B ', ' P ', ' A ', ' A ', ' D ', ' A+ ', ' B+ ', ' A ', ' A ']"
425,00154633,"[' B ', ' B+ ', ' B+ ', ' C ', '   ', ' A+ ', ' C+ ', ' C ', ' B ', ' B+ ', ' A ']","[' B ', ' A+ ', ' A+ ', ' A ', ' P ', ' A ', ' B+ ', '   ', ' B+ ', ' A ', ' A ']"
426,00118103,[],[]
427,00116491,"[' C+ ', ' C+ ', ' P ', ' A ', ' A+ ', ' B ', ' C+ ', ' A ', ' A ']","[' C+ ', ' C+ ', ' A ', ' A+ ', ' B ', ' B+ ', ' A+ ', ' A ']"
428,00116492,"[' C+ ', '   ', '   ', ' A+ ', ' A ', ' A+ ', ' B ', ' B+ ', '   ', '   ', ' A ', ' B+ ']","[' B ', ' A ', ' A ', ' A+ ', ' A+ ', ' B ', ' B+ ', ' A+ ', ' A+ ']"
429,00160155,[],[]
430,00154620,"[' A+ ', ' A+ ', ' P ', ' A+ ', ' A ', ' B+ ', ' A+ ', ' P ', ' A ']","[' A+ ', ' A+ ', ' A ', ' A+ ', ' A+ ', ' B+ ', ' A+ ', ' A+ ', ' A ', ' B+ ']"
431,00117864,"[' C+ ', ' B ', ' A+ ', ' A+ ', ' B ', ' B ', ' A ', ' A ']","[' B+ ', ' A ', ' C+ ', ' A+ ', ' C ', ' B ', ' A+ ', ' A ']"
432,00116897,[],"[' 82 5 Horace Mann Elementary School', ' 82 5 Horace Mann Elementary School']"
433,00151353,"['   ', '   ', '   ', '   ', ' C+ ', ' C ', ' P ', ' A ', ' A+ ', ' C+ ', ' D ', ' A ', ' A+ ']","[' C ', ' C ', ' B ', ' A+ ', ' A+ ', ' D ', ' C ', ' A ', ' A+ ']"
434,00118909,"[' B+ ', ' A ', ' B+ ', ' A ', ' A+ ', ' A ', ' B+ ', ' B+ ']","[' B ', ' A+ ', ' A ', ' B+ ', ' P ', ' A ', ' B+ ', ' B+ ', ' B+ ', ' B+ ']"
435,00116625,"['   ', '   ', ' B ', '   ', ' C ', ' P ', ' A ', ' A+ ', ' B ', ' D ', ' A ', ' A+ ']","[' B+ ', ' C+ ', ' B+ ', ' A+ ', ' A+ ', ' C ', ' B ', ' A ', ' A+ ']"
436,00116248,"[' D ', ' C ', ' B ', ' A+ ', ' D ', ' C ', ' P ', ' D ']","[' C ', ' C+ ', ' C+ ', ' A ', ' A+ ', ' D ', ' D ', ' A ', ' C ']"
437,00122362,"[' C ', ' C+ ', ' P ', ' A+ ', ' A+ ', ' C+ ', ' B ', '   ', ' A ', ' A ']","[' C ', ' C ', ' C+ ', ' A+ ', ' A+ ', ' D ', ' C+ ', ' A ', ' B+ ']"
438,00115545,"[' C+ ', ' B ', ' 9', ' C+ ', '   ', '   ', ' A ', ' C ', ' C+ ', ' B+ ', ' B+ ']","[' C ', ' A+ ', ' D ', ' P ', ' A ', ' C ', ' A+ ', ' B+ ', ' A ', ' A ']"
439,00159737,[],[]
440,00126700,"['   ', ' C+ ', '   ', ' C+ ', ' P ', ' A ', ' A+ ', ' C ', ' C+ ', ' A ', ' A ']","[' B+ ', ' A+ ', ' C+ ', ' A+ ', ' C+ ', ' A ', ' A ', ' A ']"
441,00139875,"[' B ', ' B+ ', ' 81 ', ' C+ ', '   ', '   ', ' A+ ', ' B ', ' B ', ' A+ ']","[' B+ ', ' C+ ', ' P ', ' A ', ' A ', ' B+ ', ' B+ ', ' A+ ', ' B+ ', ' A ']"
442,00117951,"[' C+ ', ' C+ ', ' P ', ' A+ ', ' A+ ', ' B ', ' C+ ', ' A ', ' A ']","[' B ', ' B+ ', ' B ', ' A+ ', ' B ', ' A ', ' A ', ' A ']"
443,00135717,"[' B ', ' A+ ', ' A ', ' P ', ' A+ ', ' B+ ', ' A+ ', '   ', ' P ', ' B+ ']","[' A ', ' B ', ' B+ ', ' A+ ', ' A+ ', ' A ', ' A+ ', ' A ', ' B+ ']"
444,00121405,"[' B ', ' C+ ', '   ', ' P ', ' A+ ', ' A+ ', ' B+ ', ' B+ ', ' P ', ' A+ ']","[' B+ ', ' A ', ' A+ ', ' A+ ', ' B+ ', ' A ', ' A ', ' A ']"
445,00160165,[],[]
446,00118206,"[' B+ ', ' A ', ' 86 ', ' B+ ', '   ', ' A ', ' B+ ', ' A ', ' B+ ', ' A+ ']","[' B ', ' A ', ' B ', ' A ', ' B+ ', ' A ', ' B+ ', ' A+ ', ' A ', ' A+ ']"
447,00127952,"[' C+ ', ' A+ ', ' P ', ' A+ ', ' A+ ', ' B ', ' C+ ', ' A ', ' A+ ']","[' D ', ' C+ ', ' B ', ' A+ ', ' A+ ', ' F ', ' C ', ' A+ ', ' A+ ']"
448,00148139,"['   ', '   ', '   ', '   ', '   ', ' C ', '   ', ' A+ ', ' A+ ', ' A+ ', ' B ', ' A ', ' A ', ' P ', ' B+ ']","[' B ', ' A ', ' C+ ', ' A ', ' A+ ', ' B ', ' B+ ', ' B+ ', ' B+ ', ' B+ ']"
449,00118752,"[' C ', ' C+ ', ' 89 ', ' C ', '   ', '   ', ' A+ ', ' D ', ' C ', ' B+ ', ' B+ ']","[' D ', ' C+ ', ' A+ ', ' C+ ', ' F ', ' C ', ' P ', ' A ', ' D ', ' C+ ', ' C ', ' B+ ']"
450,00148075,"['   ', '   ', '   ', '   ', ' C ', '   ', '   ', ' A ', ' B+ ', ' A+ ', ' D ', ' B+ ', ' C ', '   ', ' P ', ' B+ ']","[' C+ ', ' A ', ' D ', ' A ', ' A+ ', ' D ', ' A ', ' B+ ', ' A ', ' B ']"
451,00123204,"[' B ', ' B ', ' A ', '   ', '   ', ' A ', ' B ', ' A ', ' A ', ' A ']","[' A ', ' B+ ', ' A+ ', ' A ', ' P ', ' A ', ' A ', ' A ', ' A ', ' B+ ']"
452,00125503,"[' C ', ' B ', ' B ', ' F ', ' B+ ', '   ', '   ', ' A ', ' C+ ', ' C ', ' B+ ', ' A+ ']","[' C ', ' A+ ', ' D ', ' A ', ' C ', ' C+ ', ' B+ ', ' A+ ', ' A ']"
453,00121859,"[' B ', ' B+ ', ' 8', ' B ', '   ', ' A ', ' C+ ', ' C+ ', ' B+ ', ' B+ ']","[' C+ ', ' A+ ', ' C+ ', ' C ', ' P ', ' A ', ' C ', ' B ', ' B ', ' A ']"
454,00117757,[],[]
455,00118092,"[' F ', ' C ', ' B ', ' F ', ' F ', ' C+ ', ' B ', ' A+ ', ' F ', ' C+ ', ' A+ ', ' A+ ', '   ', ' A+ ', ' A ', ' B ', ' C+ ', '   ', '   ', ' F ', ' A+ ', ' D ', '   ', '   ', '   ', '   ', ' F ', ' C ', '   ', ' B+ ', ' A ', ' B+ ', ' C ', ' F ', ' B ']","[' 77 ', ' 44 ', ' 51 ', ' 85 ']"
456,00150411,"[' D ', ' B ', ' D ', ' B ', ' F ', ' C ', '   ', ' B+ ', ' D ', ' C ', ' C ', ' B ', ' B+ ']","[' C+ ', ' B ', ' A+ ', ' C ', ' P ', ' B+ ', ' C+ ', '   ', ' C+ ', ' A ', ' B+ ']"
457,00116890,[],[]
458,00117881,"[' B+ ', ' B+ ', '   ', '   ', ' A+ ', ' B ', ' B+ ', ' A ', ' B+ ']","[' C ', ' A+ ', ' B ', ' C+ ', ' P ', ' A ', ' C ', ' B ', ' C+ ', ' B+ ']"
459,00118274,"[' B ', ' C+ ', ' B ', ' B ', ' B+ ']","[' B ', ' D ', ' P ', ' A+ ', ' A+ ', ' C+ ', ' A+ ', ' B ', ' B+ ', ' A ']"
460,00141548,"[' B+ ', ' A ', ' A ', ' A ', '   ', ' A+ ', ' A+ ', ' B+ ', ' B+ ', ' A+ ', ' A ']","[' A ', ' A+ ', ' A ', ' A ', ' P ', ' A+ ', ' B+ ', ' A ', ' A ', ' A ']"
461,00117638,"[' C+ ', ' B ', ' B ', ' B ', ' B+ ']","[' B ', ' A+ ', ' D ', ' A ', ' B ', ' C+ ', ' B ', ' A ', ' C+ ']"
462,00117637,"[' B ', ' B+ ', ' B+ ', '   ', '   ', ' A ', ' C+ ', ' B+ ', ' A+ ']","[' D ', ' F ', ' B ', ' P ', ' P ', ' B+ ', ' C+ ', ' B ', ' C+ ', ' B+ ', ' B ', ' B+ ']"
463,00159398,[],[]
464,00117489,[],"[' B+ ', ' A+ ', ' B+ ', ' B ', ' P ', ' P ', ' A ', ' A ', ' B+ ', ' A ', ' A ']"
465,00160717,[],[]
466,00145400,"[' B+ ', ' B+ ', ' 75 ', ' C ', '   ', '   ', ' A+ ', ' C+ ', ' B+ ', ' A ']","[' A ', ' B+ ', ' B+ ', ' P ', ' P ', ' A ', ' B+ ', ' B+ ', ' A+ ', ' A ', ' A ']"
467,00114519,"[' C+ ', ' A+ ', ' C+ ', ' A+ ', ' D ', ' D ', ' A ', ' A ']","[' 68 1', ' HI ', ' 63 ', ' 8', ' HI ', ' 61 ']"
468,00117928,"[' B ', ' B+ ', ' C+ ', ' B+ ', ' A+ ', ' B+ ', ' B+ ', ' B+ ']","[' C ', ' C+ ', ' C+ ', ' P ', ' P ', ' A ', ' A ', ' B+ ', ' B+ ', ' A ', ' A ', ' A ']"
469,00116458,"['   ', '   ', '   ', ' C+ ', ' B+ ', ' A+ ', ' A+ ', ' C+ ', ' C+ ', ' P ', ' A+ ']","[' A ', ' A ', ' A+ ', ' A+ ', ' A ', ' A+ ', ' A ', ' B ']"
470,00117439,"[' D ', ' B ', ' C+ ', ' F ', ' B+ ', '   ', '   ', ' A ', ' C ', ' B ', ' B+ ', ' A+ ']","[' C+ ', ' A+ ', ' D ', ' D ', ' P ', ' A ', ' C+ ', ' B ', ' C ', ' A ', ' A ']"
471,00118715,"[' B+ ', '   ', ' B ', ' P ', ' A+ ', ' A+ ', ' B+ ', ' B+ ', '   ', ' P ', ' A+ ']","[' A ', ' B+ ', ' B+ ', ' A+ ', ' A+ ', ' B+ ', ' A+ ', ' A+ ', ' A+ ']"
472,00123754,"[' B+ ', ' B+ ', ' B+ ', '   ', '   ', ' A ', ' B ', ' B+ ', ' A ', ' A ']","[' F ', ' B+ ', ' F ', ' A+ ', ' P ', ' P ', ' A ', ' C ', ' A+ ', ' A ', ' A+ ', ' B+ ']"
473,00131327,"[' B ', ' B ', ' B ', ' B+ ', ' B+ ']","[' C ', ' A+ ', ' B ', ' C+ ', ' P ', ' A+ ', ' C+ ', ' C+ ', ' B+ ', ' A+ ']"
474,00117014,"[' C ', ' A+ ', ' A+ ', ' P ', ' A+ ', ' C+ ', ' C+ ', '   ', ' P ', ' B+ ']","[' C+ ', ' C ', ' B ', ' A ', ' A+ ', ' B ', ' B+ ', ' A ', ' A+ ']"
475,00118334,"[' C+ ', ' B ', ' A+ ', ' A+ ', ' B+ ', ' B ', ' A ', ' A ']","[' B ', ' A+ ', ' B ', ' A+ ', ' C+ ', ' C+ ', ' A+ ', ' A ']"
476,00121702,"[' C ', ' B+ ', ' A ', '   ', ' A ', ' B+ ', ' A ', ' B+ ']","[' B+ ', ' B ', ' P ', ' B+ ', ' B+ ', ' B+ ', ' A+ ', ' A ', ' B+ ', ' B+ ']"
477,00116555,"[' B ', ' A+ ', ' B+ ', ' A+ ', ' A+ ', ' B+ ', ' B+ ', ' A ', ' A+ ']","[' A ', ' A+ ', ' A+ ', ' A+ ', ' A ', ' A ', ' A ', ' A+ ']"
478,00154617,"[' C ', ' A+ ', ' P ', ' A+ ', ' C+ ', ' C+ ', ' B ', ' P ', ' A ']","[' C ', ' A+ ', ' D ', ' A ', ' A+ ', ' C+ ', ' B ', ' B ', ' A+ ', ' A ']"
479,00130779,"[' B ', ' B+ ', ' B ', '   ', '   ', ' A+ ', ' C+ ', ' A ', ' B+ ', ' B+ ']","[' C+ ', ' A+ ', ' C+ ', ' C+ ', ' P ', ' A+ ', ' C+ ', ' B ', ' C+ ', ' A ', ' B+ ']"
480,00117556,"[' C+ ', ' B ', ' B ', '   ', '   ', ' A ', ' C+ ', ' B ', ' B+ ', ' B+ ']","[' B+ ', ' C ', ' P ', ' A ', ' A ', ' B ', ' A ', ' A ', ' A ', ' B+ ']"
481,00157404,[],"[' B ', ' A+ ', ' B ', ' A+ ', ' A+ ', ' B ', ' B ', ' B ', ' B+ ', ' A ']"
482,00160365,[],[]
483,00117778,"[' B ', ' A ', ' B+ ', ' B ', ' A ', ' A+ ', ' B+ ', ' B+ ', ' A ']","[' C ', ' B+ ', ' P ', ' A+ ', ' A ', ' B ', ' C+ ', ' A ', ' A ', ' A+ ']"
484,00127099,[],"[' D ', ' D ', ' P ', ' C ', ' A ', ' D ', ' D ', ' C+ ', ' B+ ']"
485,00123516,"[' B ', ' B ', ' A ', ' A+ ', ' B+ ', ' A ', ' A ', ' A+ ']","[' B ', ' B ', ' A ', ' A+ ', ' B ', ' B+ ', ' A ', ' A ']"
486,00118309,"[' B+ ', ' C+ ', ' A ', ' B ', ' B+ ']","[' A ', ' A+ ', ' B+ ', ' B+ ', ' P ', ' B+ ', ' A ', ' A ', ' B+ ', ' A ']"
487,00116835,"[' B ', ' B+ ', ' D ', ' F ', ' B+ ', ' C ', ' B ', ' B+ ']","[' C+ ', ' A+ ', ' C+ ', ' C+ ', ' P ', ' B+ ', ' C ', ' C+ ', ' A ', ' A ']"
488,00159351,[],[]
489,00159120,[],[]
490,00144762,"['   ', '   ', '   ', '   ', '   ', ' A ', ' A ', ' P ', ' A+ ', ' B ', ' A ', ' A+ ', ' P ', ' B+ ']","[' C+ ', ' B ', ' C+ ', ' A+ ', ' A+ ', ' B+ ', ' B+ ', ' A+ ', ' B ']"
491,00123573,"[' B+ ', ' B ', ' C+ ', '   ', '   ', ' A+ ', ' B ', ' A ', ' A ']","[' B+ ', ' A+ ', ' B ', ' B+ ', ' P ', ' A+ ', ' B ', ' A ', ' A ', ' A ']"
492,00152854,"[' C+ ', ' C+ ', ' B ', ' B+ ', '   ', ' A ', ' B+ ', ' A ', ' B ', ' B ', ' A ']","[' B ', ' C ', ' A+ ', ' B ', ' P ', ' A ', ' C+ ', '   ', ' C+ ', ' A ', ' A ']"
493,00159209,[],[]
494,00117427,"[' C+ ', ' A+ ', ' P ', ' A+ ', ' A+ ', ' C+ ', ' C+ ', ' A ', ' B+ ']","[' C ', ' C+ ', ' B ', ' B+ ', ' A+ ', ' C ', ' C+ ', ' B+ ', ' A+ ']"
495,00154857,"[' C+ ', ' B ', ' B+ ', ' C ', '   ', ' A+ ', ' C ', ' B+ ', ' C+ ', ' A ', ' A ']","[' B+ ', ' A ', ' A+ ', ' C+ ', ' P ', ' A ', ' B ', '   ', ' B ', ' A ', ' A ']"
496,00117527,"[' C+ ', '   ', '   ', ' A+ ', ' P ', ' A+ ', ' A+ ', ' B ', ' C+ ', ' A ', ' A+ ']","[' B ', ' B ', ' B+ ', ' A ', ' A+ ', ' B+ ', ' A ', ' A ', ' A ']"
497,00115623,"[' C+ ', ' B+ ', ' 79 ', ' C+ ', '   ', '   ', ' A+ ', ' C+ ', ' B ', ' A ']","[' B+ ', ' A+ ', ' D ', ' A ', ' B ', ' B+ ', ' C+ ', ' B+ ', ' B ']"
498,00139377,"[' C ', ' A ', ' P ', ' A+ ', ' A+ ', ' C+ ', ' C+ ', ' B+ ', ' C+ ']","[' B+ ', ' B+ ', ' A ', ' A+ ', ' B+ ', ' A ', ' A ', ' A ']"
499,00116636,"[' B ', ' B ', ' B+ ', '   ', '   ', ' A ', ' B ', ' B+ ', ' B+ ', ' A ']","[' C ', ' A+ ', ' B+ ', ' B ', ' P ', ' B+ ', ' D ', ' C ', ' B ', ' A ']"
500,00118704,"['   ', ' A ', ' A ', ' B ', ' A+ ', ' A+ ', ' B ', ' B+ ', ' A ', ' B+ ']","[' C ', ' B+ ', ' C ', ' A+ ', ' C+ ', ' B ', ' A ', ' C ']"
501,00116755,"[' B+ ', ' B+ ', ' B ', ' B+ ']","[' A ', ' A ', ' A ', ' A+ ', ' B+ ', ' B+ ', ' A ', ' B+ ']"
502,00118269,"[' B+ ', ' B+ ', ' P ', ' A ', ' A+ ', ' A ', ' B+ ', ' P ', ' A+ ']","[' B ', ' A ', ' A+ ', ' A+ ', ' A ', ' A ', ' A+ ', ' A ']"
503,00145958,"[' B+ ', '   ', ' A+ ', ' A+ ', ' A+ ', ' C+ ', ' A ', ' B+ ', ' P ', ' B+ ']","[' B ', ' B+ ', ' B ', ' A+ ', ' A+ ', ' A ', ' A ', ' A ', ' A+ ']"
504,00158059,[],[]
505,00152732,"['   ', ' B ', ' A+ ', ' A+ ', ' A+ ', ' D ', ' D ', ' D ', ' P ', ' A ']","[' B ', ' A+ ', ' B ', ' A+ ', ' A+ ', ' C+ ', ' B+ ', ' B ', ' A ', ' A ']"
506,00118385,[],"[' B ', ' C ', ' B ', ' A ', ' C+ ', ' C ', ' B ', ' B ', ' A ', ' A ', ' B+ ']"
507,00115812,"[' B ', ' B ', ' P ', ' A+ ', ' A+ ', ' B+ ', ' B+ ', ' A ', ' A ']","[' B ', ' B+ ', ' C+ ', ' A+ ', ' C ', ' A ', ' A ', ' B ']"
508,00127138,"[' C+ ', ' A+ ', ' D ', ' A+ ', ' B ', ' B ', ' P ', ' A ']","[' C+ ', ' B+ ', ' B ', ' A+ ', ' A+ ', ' C+ ', ' C+ ', ' A ', ' A ']"
509,00150754,"[' B ', ' B ', ' B ', ' C ', '   ', ' B+ ', ' C ', ' C ', ' B ', ' B ', ' B+ ']","[' C ', ' C ', ' A+ ', ' C ', ' P ', ' A ', ' C+ ', '   ', ' C+ ', ' A ', ' B+ ']"
510,00154055,"[' C ', '   ', ' A+ ', ' P ', ' A+ ', ' D ', ' B ', ' C ', ' P ', ' A+ ']","[' B ', ' D ', ' A+ ', ' C ', ' A ', ' A ', ' A+ ', ' A+ ']"
511,00118470,"[' B ', ' B+ ', ' 9', ' C+ ', '   ', ' A+ ', ' C+ ', ' B ', ' B+ ', ' A ']","[' A ', ' B+ ', ' B+ ', ' P ', ' P ', ' A ', ' B+ ', ' B+ ', ' B+ ', ' A ', ' A ']"
512,00117877,"[' C+ ', ' C ', ' 91 ', ' C ', '   ', '   ', ' A ', ' C ', ' C+ ', ' B+ ', ' B+ ']","[' A ', ' B+ ', ' C+ ', ' P ', ' P ', ' A ', ' C+ ', ' A ', ' A+ ', ' A ', ' A ']"
513,00118140,"[' B ', ' A+ ', ' A+ ', ' P ', ' A+ ', ' A ', ' A+ ', '   ', ' P ', ' A ']","[' A ', ' B+ ', ' A+ ', ' A+ ', ' A+ ', ' A ', ' A+ ', ' B+ ']"
514,00155701,[],"[' B+ ', ' A+ ', ' B+ ', ' B+ ', ' P ', ' A+ ', ' A ', ' B+ ', ' A ', ' A ']"
515,00118474,[],"[' C+ ', ' A+ ', ' F ', ' B ', ' A ', ' A ', ' C+ ', ' B ', ' C ', ' A ', ' C+ ']"
516,00141970,"['   ', '   ', '   ', ' D ', '   ', ' F ', ' B ', ' A+ ', ' A+ ', ' D ', ' C+ ', ' P ', ' C ']","[' C ', ' B ', ' B ', ' A+ ', ' B+ ', ' C+ ', ' A ', ' B+ ']"
517,00122962,"[' C+ ', ' B+ ', ' B ', '   ', '   ', ' A+ ', ' C ', ' B+ ', ' A+ ']","[' B+ ', ' A+ ', ' B ', ' B ', ' P ', ' A ', ' B ', ' B+ ', ' A+ ', ' A ']"
518,00159254,[],[]
519,00117319,"[' B+ ', ' A ', ' A+ ', ' B+ ', '   ', ' A+ ', ' A ', ' A ', ' A ']","[' A ', ' A+ ', ' A+ ', ' A ', ' P ', ' A+ ', ' A ', ' A ', ' A ', ' A ', ' A ']"
520,00115639,"['   ', ' D ', ' C+ ', ' A+ ', ' A+ ', ' C ', ' B ', ' P ', ' B+ ']","[' B+ ', ' B+ ', ' A ', ' A+ ', ' B+ ', ' A ', ' A ', ' A ']"
521,00160803,[],[]
522,00160626,[],[]
523,00118726,"[' F ', ' C ', ' F ', ' B+ ', '   ', '   ', ' A ', ' C+ ', ' D ', ' A ', ' A ']","[' D ', ' F ', ' C+ ', ' A+ ', ' A+ ', ' D ', ' F ', ' A ', ' D ']"
524,00117429,"[' B ', ' B+ ', ' B ', '   ', '   ', ' A ', ' C+ ', ' B+ ', ' B+ ', ' B+ ']","[' C ', ' A+ ', ' B ', ' C+ ', ' P ', ' A ', ' C ', ' B+ ', ' B ', ' B+ ']"
525,00118383,"[' C+ ', ' A ', ' B ', ' C ', '   ', ' A+ ', ' D ', ' B ', ' B+ ', ' A ']","[' 57 ', ' 75 5 Jose Marti Summer School', ' 51 ', ' 87 5 Jose Marti Summer School', ' 51 ', ' 78 5 Jose Marti Freshman Academy', ' 77 5 Jose Marti Freshman Academy', ' 6']"
526,00146704,"[' A ', ' A ', ' B+ ', '   ', '   ', ' A ', ' A ', ' A+ ', ' A+ ', ' A ']","[' A ', ' B ', ' P ', ' P ', ' A ', ' B+ ', ' A+ ', ' A+ ', ' A+ ', ' A+ ']"
527,00157197,[],"[' D ', ' F ', ' A+ ', ' C ', ' B+ ', ' B+ ', ' A+ ', ' F ']"
528,00117023,"[' B ', ' A ', ' C ', ' A+ ', ' C ', ' B+ ', ' P ', ' A+ ']","[' C+ ', ' C ', ' B+ ', ' A+ ', ' A+ ', ' C ', ' B+ ', ' A+ ', ' A ']"
529,00159121,[],[]
530,00118936,"[' B+ ', ' A ', ' 91 ', ' B+ ', '   ', ' A ', ' A ', ' A ', ' A ', ' A+ ']","[' A+ ', ' B+ ', ' A ', ' P ', ' P ', ' A ', ' A ', ' B+ ', ' A+ ', ' A ', ' A ']"
531,00135156,"[' B+ ', ' A ', ' A ', ' A+ ', ' A ', ' A ', ' A ', ' A+ ']","[' A ', ' A+ ', ' B+ ', ' A+ ', ' B+ ', ' A ', ' A ', ' A ']"
532,00118361,"[' C+ ', ' B+ ', ' B ', '   ', '   ', ' A ', ' C+ ', ' B+ ', ' B+ ', ' A+ ']","[' B+ ', ' A ', ' A ', ' P ', ' P ', ' A ', ' B+ ', ' B+ ', ' B ', ' A ', ' B+ ']"
533,00115865,"[' C+ ', ' B+ ', ' C+ ', ' A ', ' A+ ', ' C+ ', ' B+ ', ' B+ ']","[' C+ ', ' A+ ', ' D ', ' D ', ' C ', ' B ', ' C+ ', ' A ', ' C+ ']"
534,00118400,"[' B+ ', ' A+ ', ' A ', '   ', ' A+ ', ' B+ ', ' A ', ' B+ ', ' A ', ' A ']","[' 89 1', ' 61 ', ' 51 ', ' 65 5 Jose Marti Freshman Academy', ' 7', ' 91 5 Jose Marti Freshman Academy', ' 62 ']"
535,00159279,[],[]
536,00117296,"[' C ', ' B+ ', ' 84 ', ' C+ ', '   ', ' A ', ' C ', ' B ', ' B+ ', ' B+ ']","[' B+ ', ' A+ ', ' A ', ' B+ ', ' P ', ' A ', ' C+ ', ' A ', ' B+ ', ' B+ ']"
537,00148669,"['   ', ' C ', '   ', ' A+ ', ' A ', ' A+ ', ' C ', ' B+ ', ' C+ ', '   ', ' P ', ' A+ ']","[' B+ ', ' B+ ', ' A+ ', ' B ', ' A ', ' A ', ' A ', ' A ']"
538,00117793,"[' B ', ' C+ ', ' A ', ' 86 ', '   ', '   ', ' A+ ', ' C ', ' B ', ' A ', ' B+ ']","[' A ', ' A+ ', ' B+ ', ' A ', ' A ', ' A ', ' B+ ', ' A+ ', ' A ']"
539,00117145,[],"[' A ', ' A ', ' A ', ' A+ ', ' A ', ' A ', ' A ', ' A+ ']"
540,00129756,[],"[' 6', ' 75 5 Matanzas High School, FL', ' 66 5 Matanzas High School, FL', ' 6', ' 66 5 Matanzas High School, FL', ' n/a ', ' 6']"
541,00117775,"[' C+ ', ' C+ ', ' A+ ', ' A+ ', ' C+ ', ' C+ ', ' P ', ' A ']","[' B+ ', ' B ', ' A ', ' A+ ', ' B+ ', ' B+ ', ' A ', ' B+ ']"
542,00149583,[],"[' C ', ' B ', ' B ', ' B+ ', ' F ', ' B ', ' P ', ' B+ ', ' C ', '   ', ' C+ ', ' A ', ' C+ ']"
543,00157159,[],"[' C+ ', ' B ', ' A+ ', ' C+ ', ' A ', ' B+ ', ' A+ ', ' A ']"
544,00115653,[],"[' 51 ', ' 73 5 Jose Marti Summer School', ' 55 ', ' 51 ', ' 66 5 Jose Marti Freshman Academy', ' 57 ', ' 9', ' 6']"
545,00116260,"[' C+ ', ' 8', ' B ', '   ', '   ', ' A ', ' C+ ', ' A ', ' B+ ', ' A ']","[' B ', ' A+ ', ' C ', ' P ', ' A ', ' C+ ', ' B+ ', ' A ', ' A ', ' B+ ']"
546,00153247,"['   ', '   ', '   ', '   ', '   ', '   ', '   ', '   ', ' C+ ', '   ', '   ', ' A+ ', ' D ', ' P ', ' A+ ', ' C+ ', ' B+ ', ' A ']","[' B+ ', ' C+ ', ' A+ ', ' A+ ', ' B+ ', ' A ', ' A+ ', ' B+ ']"
547,00115941,"['   ', ' C+ ', ' C+ ', ' P ', ' A+ ', ' A+ ', ' C+ ', ' C+ ', ' A ', ' A ']","[' 63 ', ' 51 ', ' 67 1', ' 81 5 Jose Marti Freshman Academy', ' 9', ' 1', ' 64 ']"
548,00115794,"[' F ', ' C ', ' C ', ' P ', ' A ', ' A+ ', ' C ', ' C ', '   ', ' P ', ' C+ ']","[' 42 ', ' 81 5 Jose Marti Summer School', ' 56 ', ' 64 ', ' 67 5 Jose Marti Freshman Academy', ' 51 ', ' 8', ' 51 ']"
549,00127491,"[' C ', ' C+ ', ' P ', ' A+ ', ' A+ ', ' C+ ', ' C ', ' B+ ', ' C ']","[' B ', ' D ', ' A+ ', ' A+ ', ' C ', ' C ', ' B+ ', ' C+ ']"
550,00118219,"[' D ', ' A ', ' A+ ', ' P ', ' A+ ', ' C+ ', ' C ', '   ', ' P ', ' D ']","[' C ', ' C ', ' B+ ', ' A+ ', ' B ', ' B+ ', ' B ', ' F ']"
551,00116671,"[' C ', ' B ', ' B+ ', ' A+ ', ' D ', ' C+ ', ' P ', ' B+ ']","[' C+ ', ' A+ ', ' C+ ', ' A+ ', ' C ', ' C+ ', ' A ', ' A ']"
552,00117451,"[' D ', ' C+ ', ' C+ ', '   ', '   ', ' B+ ', ' B ', ' B+ ', ' B+ ', ' A+ ']","[' B+ ', ' A ', ' P ', ' A ', ' A ', ' A ', ' B+ ', ' C+ ', ' C+ ', ' A+ ', ' A+ ']"
553,00117434,"[' D ', ' C+ ', ' B+ ', ' 7', ' F ', ' C ', '   ', ' A ', ' C ', ' C ', ' B+ ', ' A+ ']","[' C ', ' A+ ', ' D ', ' C ', ' P ', ' A ', ' C ', ' C+ ', ' B ', ' B+ ']"
554,00158411,[],[]
555,00149235,"[' C ', ' B+ ', ' 91 ', ' C+ ', '   ', ' A+ ', ' C ', ' A ', ' B+ ', ' A ']","[' C+ ', ' F ', ' A+ ', ' P ', ' A ', ' A+ ', ' C+ ', ' B ', ' B+ ', ' A ', ' A+ ']"
556,00115135,"['   ', '   ', '   ', '   ', '   ', ' C+ ', ' D ', ' P ', ' A ', ' A+ ', ' B+ ', ' B ', ' A ', ' C+ ']","[' 63 ', ' 7', ' 6', ' 8', ' 75 5 Jose Marti Freshman Academy', ' 84 5 Jose Marti Freshman Academy', ' 1', ' 55 ']"
557,00122964,"['   ', '   ', '   ', '   ', '   ', '   ', '   ', ' B ', '   ', ' A ', ' P ', ' A+ ', ' A+ ', ' B+ ', ' A ', '   ', '   ', ' A ', ' A+ ']","[' A ', ' A+ ', ' A+ ', ' A+ ', ' A ', ' A ', ' A ', ' A+ ']"
558,00137975,"[' B ', ' D ', ' B ', '   ', '   ', ' A+ ', ' C+ ', ' A ', ' B+ ', ' B+ ']","[' B ', ' A+ ', ' B+ ', ' C+ ', ' P ', ' A ', ' C+ ', ' B+ ', ' B+ ', ' B ']"
559,00116738,"[' C+ ', ' C+ ', '   ', '   ', ' A ', ' A ', ' B ', ' B+ ', ' A ', ' B+ ']","[' C ', ' A+ ', ' D ', ' B+ ', ' A ', ' C+ ', ' C+ ', ' C+ ', ' C+ ', ' A ', ' C+ ']"
560,00141933,"['   ', '   ', '   ', '   ', '   ', ' B ', '   ', '   ', '   ', '   ', ' A+ ', ' A ', ' A+ ', ' C+ ', ' A ', ' B+ ', ' P ', ' B ']","[' C+ ', ' B ', ' A+ ', ' C ', ' A ', ' A ', ' A ', ' B+ ']"
561,00125359,"[' A ', ' 95 ', ' A+ ', '   ', '   ', ' A ', ' B+ ', ' A+ ', ' A ', ' A ']","[' A ', ' B ', ' P ', ' A ', ' A ', ' A ', ' A ', ' A ', ' A+ ']"
562,00143813,"[' B+ ', ' A ', ' A ', ' B+ ', '   ', ' A+ ', ' B ', ' B ', ' A ', ' A+ ']","[' B ', ' A+ ', ' B ', ' B ', ' P ', ' A+ ', ' B ', ' B ', ' A+ ']"
563,00115662,"[' C ', ' B ', ' A ', ' A+ ', ' D ', ' C+ ', ' P ', ' A+ ']","[' B ', ' A+ ', ' C ', ' A+ ', ' F ', ' C+ ', ' A ', ' A ']"
564,00150715,"[' C+ ', ' C ', ' B ', ' C ', '   ', ' A ', ' C ', ' C ', ' C+ ', ' B ', ' B+ ']","[' C ', ' C ', ' A+ ', ' C+ ', ' P ', ' A ', ' C+ ', '   ', ' C+ ', ' A ', ' A ']"
565,00143157,"[' C+ ', ' B ', ' B+ ', ' 71 ', '   ', '   ', ' A ', ' C ', ' D ', ' A ', ' B+ ']","[' D ', ' B ', ' C+ ', ' A ', ' C ', ' B ', ' C ', ' A ', ' B+ ', ' B ']"
566,00148261,"['   ', '   ', '   ', '   ', ' B ', ' A+ ', ' C+ ', ' P ', ' A+ ', ' C+ ', ' B+ ', ' A ']","[' A ', ' B ', ' A ', ' A+ ', ' A+ ', ' A ', ' A+ ', ' A+ ', ' A ']"
567,00117652,[],[]
568,00115734,"[' C+ ', ' C+ ', ' C ', ' B ', ' B+ ']","[' C+ ', ' A+ ', ' C+ ', ' D ', ' B ', ' P ', ' A ', ' B+ ', ' F ', ' C+ ', ' B ', ' B+ ']"
569,00121602,"[' C+ ', ' B ', ' A ', ' A+ ', ' C+ ', ' B ', ' P ', ' A+ ']","[' C+ ', ' A+ ', ' C+ ', ' A+ ', ' C+ ', ' B ', ' A+ ', ' A+ ']"
570,00154859,"[' B ', ' D ', ' D ', ' A+ ', ' B ', ' C+ ', ' B+ ', ' B+ ']","[' B ', ' D ', ' C ', ' P ', ' A+ ', ' D ', ' B ', ' B+ ', ' A ']"
571,00127100,"[' A ', ' B+ ', ' A ', '   ', '   ', ' A+ ', ' B+ ', ' A+ ', ' B+ ', ' A ']","[' B+ ', ' B ', ' P ', ' P ', ' A+ ', ' A ', ' A+ ', ' A+ ', ' A+ ', ' A+ ']"
572,00117852,"['   ', '   ', ' D ', '   ', '   ', '   ', '   ', '   ', ' B+ ', ' A+ ', ' A+ ', ' B ', ' B ', ' P ', ' A+ ']","[' B+ ', ' A ', ' A ', ' A+ ', ' B+ ', ' A ', ' A ', ' A+ ']"
573,00123048,"[' B ', ' B ', '   ', '   ', ' A+ ', ' B+ ', ' A ', ' A ', ' B+ ']","[' B+ ', ' A+ ', ' F ', ' B+ ', ' P ', ' P ', ' A+ ', ' A ', ' A+ ', ' B+ ', ' A ', ' B+ ']"
574,00117820,"[' B+ ', ' B+ ', ' 94 ', ' B+ ', '   ', ' A+ ', ' B ', ' A+ ', ' A ', ' A ']","[' B+ ', ' B ', ' A+ ', ' A ', ' B+ ', ' B ', ' A ', ' A ', ' A ', ' A ']"
575,00118510,"[' C+ ', ' B ', ' B ', ' 86 ', '   ', '   ', ' A ', ' C+ ', ' B ', ' A ', ' B+ ']","[' A ', ' B+ ', ' B+ ', ' P ', ' P ', ' A ', ' B+ ', ' B+ ', ' B ', ' A+ ', ' B+ ']"
576,00119259,"[' B+ ', ' A ', ' A ', ' B+ ', ' A ', ' A ', ' A ', ' A ', ' A ']","[' A+ ', ' A+ ', ' A+ ', ' B+ ', ' A ', ' A+ ', ' A ', ' A+ ', ' A+ ', ' A ', ' B+ ']"
577,00117853,"[' B+ ', ' B ', ' 92 ', ' B+ ', '   ', ' A+ ', ' B+ ', ' B+ ', ' B+ ', ' A ']","[' C+ ', ' B ', ' P ', ' A+ ', ' B+ ', ' C+ ', ' A+ ', ' A ', ' A ']"
578,00159102,[],[]
579,00122873,"[' B ', '   ', ' A+ ', ' P ', ' A+ ', ' A+ ', ' A ', ' B+ ', ' A ', ' A+ ']","[' B ', ' A+ ', ' B+ ', ' B ', ' P ', ' A+ ', ' B ', ' B ', ' A+ ', ' A+ ']"
580,00118082,"['   ', '   ', ' D ', '   ', ' C ', ' P ', ' A ', ' A+ ', ' D ', ' D ', ' A ', ' C+ ']","[' C ', ' C ', ' A ', ' A+ ', ' B ', ' B+ ', ' B+ ', ' D ']"
581,00129552,"[' B+ ', ' A ', ' A ', ' A+ ', ' A ', ' A ', ' A ', ' A+ ']","[' A+ ', ' A+ ', ' A ', ' A+ ', ' A+ ', ' A ', ' A ', ' A+ ', ' A+ ']"
582,00117777,"[' B+ ', ' A+ ', ' B ', ' A+ ', ' C+ ', ' B+ ', ' P ', ' A+ ']","[' B ', ' A ', ' B ', ' A+ ', ' A+ ', ' C+ ', ' B+ ', ' A ', ' A ']"
583,00117832,"['   ', '   ', '   ', '   ', '   ', '   ', '   ', '   ', ' C+ ', ' A ', ' P ', ' A+ ', ' A+ ', ' B+ ', ' C+ ', ' A ', ' A+ ']","[' C+ ', ' B ', ' B ', ' A ', ' A+ ', ' D ', ' C+ ', ' A ', ' A+ ']"
584,00155963,[],"[' B ', ' A ', ' A ', ' C+ ', ' P ', ' A ', ' C+ ', '   ', ' B+ ', ' A+ ', ' A ']"
585,00117656,"[' B ', ' 84 ', ' B+ ', '   ', '   ', ' A ', ' B ', ' B+ ', ' B+ ', ' A+ ']","[' C+ ', ' A+ ', ' D ', ' A ', ' C ', ' B ', ' C ', ' A ', ' D ']"
586,00149858,"[' C+ ', ' B ', ' C+ ', ' C+ ', '   ', ' B+ ', ' C+ ', ' B ', ' B ', ' B ', ' B+ ']","[' C ', ' C+ ', ' A+ ', ' B ', ' P ', ' B+ ', ' B+ ', '   ', ' C+ ', ' B+ ', ' A ']"
587,00118291,"[' C ', ' B+ ', ' F ', ' C+ ', ' B ', ' A ', ' C ', ' B ', ' B ', ' B+ ']","[' C+ ', ' A+ ', '   ', ' C+ ', ' B+ ', ' P ', ' P ', ' A ', ' A ', ' F ', ' C+ ', ' C ', ' B+ ']"
588,00159679,[],[]
589,00116721,"[' C ', ' C ', '   ', '   ', ' A+ ', ' C+ ', ' C+ ', ' B+ ', ' A ']","[' C ', ' A+ ', ' C+ ', ' C ', ' P ', ' A ', ' C ', ' B ', ' B+ ', ' B+ ']"
590,00133157,"['   ', '   ', '   ', '   ', '   ', ' D ', '   ', '   ', ' A ', ' C ', ' P ', ' A+ ', ' C+ ', ' B ', ' A ']","[' C+ ', ' B+ ', ' C+ ', ' A+ ', ' C ', ' B+ ', ' A ', ' B+ ']"
591,00117377,"[' D ', ' C+ ', ' B+ ', ' 88 ', '   ', '   ', ' A ', ' C ', ' D ', ' A ', ' B+ ']","[' C ', ' A+ ', ' A+ ', ' B+ ', ' P ', ' A ', ' C ', ' C+ ', ' B ', ' B+ ']"
592,00156420,[],"[' C+ ', ' C ', ' C ', ' A+ ', ' A+ ', ' C ', ' B+ ', ' A+ ', ' A+ ']"
593,00156419,[],"[' C ', ' B ', ' B+ ', ' A ', ' A+ ', ' C+ ', ' C ', ' A ', ' A+ ']"
594,00115600,"['   ', '   ', ' C+ ', ' D ', ' P ', ' A+ ', ' A+ ', ' C+ ', ' D ', ' A ', ' B ']","[' 51 ', ' 51 ', ' 51 ', ' 77 5 Jose Marti Summer School', ' 53 ', ' 76 5 Jose Marti Freshman Academy', ' 98 5 Jose Marti Freshman Academy', ' 51 ']"
595,00119364,"['   ', '   ', '   ', ' B+ ', '   ', '   ', '   ', ' A ', ' A ', ' A+ ', ' A ', ' A ', ' A ', ' A+ ']","[' A+ ', ' B+ ', ' A+ ', ' A+ ', ' A+ ', ' A ', ' A ', ' A+ ']"
596,00150635,"[' B+ ', ' A ', ' B ', ' B+ ', '   ', ' A ', ' A ', ' A ', ' B+ ', ' B ', ' A ']","[' C ', ' A+ ', ' A+ ', ' B ', ' P ', ' A ', ' B+ ', '   ', ' B ', ' A ', ' A ']"
597,00125059,"[' C ', ' C ', ' 71 ', ' C ', '   ', '   ', ' A ', ' D ', ' C+ ', ' B+ ', ' C+ ']","[' D ', ' D ', ' A ', ' A ', ' C ', ' C ', ' B+ ', ' B+ ', ' B+ ', ' B ']"
598,00116568,"[' C+ ', ' B ', ' C+ ', '   ', '   ', ' A ', ' D ', ' B+ ', ' A ']","[' C+ ', ' A+ ', ' C+ ', ' C ', ' P ', ' A ', ' C+ ', ' B ', ' B+ ', ' A ']"
599,00117709,"[' A ', ' B+ ', ' B+ ', '   ', '   ', ' A+ ', ' B+ ', ' A ', ' A+ ']","[' B ', ' F ', ' A+ ', ' P ', ' A+ ', ' A+ ', ' B+ ', ' B ', ' B+ ', ' A ', ' A ']"
600,00158076,[],[]
601,00117659,"[' C+ ', ' C+ ', ' D ', '   ', '   ', ' A ', ' C ', ' B+ ', ' B+ ', ' A ']","[' A ', ' B ', ' B ', ' P ', ' P ', ' A ', ' B ', ' B+ ', ' A+ ', ' A ', ' A ']"
602,00159255,[],[]
603,00133260,"[' A ', ' A ', ' A ', '   ', ' A ', ' B+ ', ' B+ ', ' A+ ', ' A+ ']","[' B ', ' B ', ' B+ ', ' C+ ', ' B ', ' B ', ' C+ ', ' C+ ', ' A ', ' A ', ' A ']"
604,00117737,"[' A ', ' A ', ' A+ ', ' A ', '   ', ' A ', ' A ', ' C+ ', ' B+ ', ' B+ ', ' A ']","[' B ', ' B ', ' A+ ', ' A+ ', ' B ', ' B+ ', ' A ', ' A ']"
605,00118107,"[' A ', ' B+ ', ' P ', ' A+ ', ' A+ ', ' C ', ' A ', ' B+ ', ' A+ ']","[' C+ ', ' C ', ' C+ ', ' A+ ', ' A+ ', ' C+ ', ' B+ ', ' A+ ', ' B+ ']"
606,00158389,[],[]
607,00117982,"[' B+ ', ' B ', ' C+ ', ' B+ ', ' B+ ']","[' C ', ' A+ ', ' C+ ', ' P ', ' A ', ' B ', ' B+ ', ' B+ ', ' A ', ' B+ ']"
608,00118844,[],[]
609,00117931,"[' C ', ' C ', '   ', '   ', ' A ', ' B ', ' B ', ' B+ ', ' B+ ']","[' B+ ', ' A+ ', ' D ', ' P ', ' A ', ' D ', ' C+ ', ' C+ ', ' A ', ' B ']"
610,00160328,[],[]
611,00141656,[],[]
612,00117430,"['   ', ' C ', ' A ', ' D ', ' A+ ', ' C ', ' D ', '   ', ' P ', ' A ']","[' C+ ', ' A ', ' C ', ' A+ ', ' D ', ' A ', ' A ', ' A ']"
613,00159756,[],[]
614,00146854,"[' A+ ', ' A+ ', ' NG ', ' A+ ', ' A ', ' A+ ', ' NG ', ' NG ']","[' C+ ', ' D ', ' B ', ' A+ ', ' A+ ', ' D ', ' B+ ', ' A ', ' A ']"
615,00156488,[],"[' B+ ', ' A+ ', ' B+ ', ' A ', ' A+ ', ' C+ ', ' A+ ', ' A+ ', ' A+ ', ' A ']"
616,00132559,"[' C+ ', ' A ', ' A ', ' P ', ' A+ ', ' C+ ', ' C+ ', '   ', ' P ', ' A ']","[' A ', ' A ', ' B ', ' A+ ', ' A+ ', ' B ', ' B+ ', ' A+ ', ' A ']"
617,00118160,"[' B ', ' C+ ', ' P ', ' A+ ', ' A+ ', ' C+ ', ' C ', ' A ', ' A ']","[' C+ ', ' B ', ' B ', ' A ', ' A+ ', ' C+ ', ' B ', ' A ', ' A ']"
618,00128702,"[' B ', ' C+ ', ' P ', ' A+ ', ' A+ ', ' B ', ' B+ ', '   ', ' A ', ' A+ ']","[' B ', ' C+ ', ' A+ ', ' A+ ', ' B ', ' A ', ' B+ ', ' A ']"
619,00133302,"[' F ', ' B+ ', ' A ', ' C ', ' P ', ' A+ ', ' C ', ' C ', ' A+ ']","[' C+ ', ' B+ ', ' B ', ' A+ ', ' A+ ', ' B+ ', ' B+ ', ' A ', ' B ']"
620,00124128,"[' B ', ' C+ ', ' 78 ', ' C+ ', '   ', '   ', ' A+ ', ' C ', ' B ', ' A+ ']","[' C+ ', ' A+ ', ' B ', ' C+ ', ' P ', ' B+ ', ' C ', ' B ', ' B+ ', ' A+ ']"
621,00117733,"[' C+ ', ' B ', ' B ', '   ', '   ', ' A ', ' B ', ' B+ ', ' B+ ', ' A ']","[' B ', ' C ', ' P ', ' B+ ', ' B+ ', ' B ', ' B+ ', ' B+ ', ' A ', ' A ']"
622,00118307,"[' C+ ', ' B ', ' P ', ' A+ ', ' A+ ', ' B+ ', ' B+ ', '   ', ' A ', ' A ']","[' B ', ' C+ ', ' A ', ' A+ ', ' B+ ', ' A ', ' A ', ' B ']"
623,00117621,"[' B ', ' B+ ', ' 81 ', ' C+ ', '   ', '   ', ' A+ ', ' B ', ' B+ ', ' A ']","[' A ', ' B ', ' B ', ' P ', ' P ', ' A ', ' B+ ', ' B+ ', ' B+ ', ' A ', ' A ']"
624,00118504,"[' A ', ' B ', ' P ', ' A ', ' A+ ', ' B ', ' B ', ' P ', ' A+ ']","[' B+ ', ' A ', ' A+ ', ' A+ ', ' A ', ' A ', ' A ', ' A ']"
625,00116031,"[' C ', ' 78 ', ' C ', '   ', '   ', ' A ', ' C+ ', ' B ', ' B+ ', ' A ']","[' B+ ', ' A+ ', ' D ', ' D ', ' P ', ' B ', ' C+ ', ' B+ ', ' C+ ', ' A ', ' B ']"
626,00123709,"[' C+ ', ' C+ ', ' A ', '   ', '   ', ' A+ ', ' B+ ', ' A ', ' A ', ' A ']","[' B ', ' B ', ' P ', ' A ', ' A ', ' B+ ', ' A ', ' A ', ' B+ ', ' A ']"
627,00141763,"[' B+ ', ' A ', ' P ', ' A+ ', ' A+ ', ' A ', ' A+ ', '   ', ' A ', ' A ']","[' A ', ' A ', ' A+ ', ' A+ ', ' B+ ', ' A ', ' A ', ' B ']"
628,00118161,"[' B ', ' B+ ', ' 83 ', ' B ', '   ', '   ', ' A+ ', ' C+ ', ' B+ ', ' A ']","[' B+ ', ' A+ ', ' C+ ', ' C+ ', ' P ', ' A ', ' C+ ', ' B ', ' C ', ' A ', ' B+ ']"
629,00118810,[],[]
630,00122856,[],[]
631,00153625,"[' D ', ' B ', ' F ', ' C+ ', ' F ', ' D ', '   ', ' A+ ', ' D ', ' D ', ' D ', ' B+ ', ' B+ ']","[' C+ ', ' B ', ' B ', ' P ', ' A+ ', ' C+ ', ' B ', ' B+ ', ' B+ ']"
632,00118109,"[' B ', ' A ', ' P ', ' A+ ', ' A+ ', ' B+ ', ' B ', '   ', ' A ', ' B+ ']","[' C+ ', ' B+ ', ' B+ ', ' A ', ' A+ ', ' B ', ' B ', ' A ', ' B+ ']"
633,00134807,"['   ', '   ', '   ', ' D ', '   ', '   ', ' C+ ', ' A+ ', ' A+ ', ' C ', ' B ', '   ', ' A ', ' A ']","[' C ', ' B ', ' B ', ' A+ ', ' A+ ', ' C+ ', ' B ', ' A ', ' B ']"
634,00159005,[],[]
635,00117807,"[' B+ ', ' B+ ', ' 96 ', ' B+ ', '   ', '   ', ' A ', ' C+ ', ' B+ ', ' B+ ', ' B+ ']","[' B ', ' A+ ', ' A ', ' A ', ' P ', ' A ', ' B ', ' A ', ' A+ ', ' A+ ']"
636,00117780,"['   ', '   ', '   ', '   ', '   ', '   ', '   ', ' B+ ', '   ', '   ', ' C ', ' P ', ' A ', ' A+ ', ' A ', ' C+ ', '   ', ' A ', ' B ']","[' C+ ', ' B+ ', ' B ', ' A+ ', ' A+ ', ' B ', ' C+ ', ' A ', ' B ']"
637,00117735,"[' C+ ', ' C ', '   ', '   ', ' A+ ', ' C ', ' B ', ' B+ ', ' B+ ']","[' B ', ' B+ ', ' B ', ' B ', ' P ', ' A ', ' C+ ', ' C+ ', ' C+ ', ' B+ ', ' C+ ']"
638,00116705,"[' B ', ' B+ ', ' P ', ' A ', ' A+ ', ' C ', ' B ', ' P ', ' A ']","[' C+ ', ' C ', ' C+ ', ' A+ ', ' A+ ', ' C ', ' B+ ', ' A ', ' A ']"
639,00144405,"[' B ', ' B ', ' B ', ' C+ ', '   ', ' A ', ' C+ ', ' B ', ' B ', ' B ', ' A ']","[' F ', ' B+ ', ' C+ ', ' A+ ', ' D ', ' B+ ', ' P ', ' P ', ' B+ ', ' C ', ' C ', ' A ', ' A+ ']"
640,00155918,[],"[' B+ ', ' B+ ', ' A+ ', ' P ', ' A+ ', ' A ', ' A ', ' B+ ', ' A+ ']"
641,00123315,"['   ', '   ', '   ', '   ', '   ', '   ', '   ', '   ', ' D ', '   ', '   ', ' B+ ', ' P ', ' B+ ', ' A+ ', ' C+ ', ' C ', ' P ', ' B+ ']","[' C ', ' C ', ' A ', ' A+ ', ' C+ ', ' C+ ', ' B+ ', ' B ']"
642,00159652,[],"[' 64 ', ' 64 ', ' 64 ', ' 66 ', ' 71 2.5 North Bergen High School', ' 81 2.5 North Bergen High School', ' 64 ', ' 64 ']"
643,00128114,"[' B+ ', ' A ', ' B+ ', ' A ', ' A+ ', ' B+ ', ' B+ ', ' B+ ']","[' C ', ' B ', ' B ', ' B+ ', ' B+ ', ' B+ ', ' B+ ', ' A ', ' A ', ' C+ ']"
644,00117886,"[' B ', ' C+ ', ' 89 ', ' C+ ', '   ', ' A+ ', ' C ', ' A+ ', ' B+ ', ' A ']","[' C+ ', ' A+ ', ' C ', ' D ', ' P ', ' A+ ', ' D ', ' B ', ' B ', ' A ']"
645,00159664,[],[]
646,00125612,"[' B+ ', ' B ', ' B+ ', ' 88 ', '   ', '   ', ' A ', ' B+ ', ' B+ ', ' A ', ' A ']","[' A ', ' A ', ' P ', ' A ', ' A ', ' B ', ' A+ ', ' A+ ', ' A ']"
647,00136312,"[' D ', ' A+ ', ' D ', ' P ', ' A+ ', ' D ', ' C ', ' A ']","[' B ', ' B ', ' B ', ' A+ ', ' A+ ', ' B+ ', ' B+ ', ' A ', ' A ']"
648,00113902,"[' C ', ' C+ ', ' 69 ', ' C ', '   ', ' A ', ' C ', ' D ', ' B+ ', ' A+ ']","[' B ', ' C+ ', ' C ', ' P ', ' P ', ' A ', ' C+ ', ' B+ ', ' B+ ', ' A ', ' B+ ', ' A ']"
649,00159458,[],[]
650,00122960,"[' C ', ' C ', ' A+ ', ' A+ ', ' B ', ' B ', ' A ', ' A ']","[' C+ ', ' A+ ', ' C+ ', ' A+ ', ' C ', ' B+ ', ' A ', ' B+ ']"
651,00144415,"[' C ', ' 84 ', ' B ', '   ', '   ', ' A ', ' C+ ', ' C+ ', ' B+ ', ' A ']","[' F ', ' A ', ' C ', ' D ', ' B ', ' P ', ' P ', ' A ', ' B ', ' C ', ' A ', ' A ', ' A ', ' A ']"
652,00118780,"[' C ', ' C+ ', ' A+ ', ' A+ ', ' C ', ' C+ ', ' A ', ' A ']","[' D ', ' B ', ' B ', ' A+ ', ' A+ ', ' C ', ' D ', ' A ', ' C+ ']"
653,00122138,"[' B+ ', ' B ', ' 91 ', ' B ', '   ', ' A+ ', ' C+ ', ' B ', ' A ', ' B ']","[' B ', ' A+ ', ' B+ ', ' B+ ', ' P ', ' A ', ' A ', ' B+ ', ' B ', ' B+ ']"
654,00158918,[],[]
655,00117808,"[' B ', ' B+ ', ' 86 ', ' B+ ', '   ', '   ', ' A+ ', ' B ', ' B+ ', ' A ']","[' B+ ', ' A+ ', ' C+ ', ' B+ ', ' P ', ' A+ ', ' C+ ', ' B+ ', ' A ', ' A ']"
656,00156356,[],"[' B ', ' A+ ', ' B ', ' A ', ' A+ ', ' B ', ' A+ ', ' A+ ', ' A ', ' A+ ']"
657,00123041,"[' B ', ' B ', ' P ', ' A+ ', ' A+ ', ' B ', ' C+ ', ' A ', ' A ']","[' B ', ' A ', ' B ', ' A ', ' A+ ', ' B ', ' B ', ' A ', ' A ']"
658,00117744,"[' C ', ' B ', ' A ', ' D ', '   ', ' A+ ', ' D ', ' C+ ', ' A ', ' B+ ']","[' F ', ' A+ ', ' F ', ' B+ ', ' A ', ' D ', ' C ', ' C ', ' C ', ' B+ ', ' B ']"
659,00116048,[],"[' B ', ' C ', ' B+ ', ' A ', ' A+ ', ' B ', ' B+ ', ' A ', ' A ']"
660,00159678,[],[]
661,00159280,[],[]
662,00136135,"[' B+ ', ' B+ ', ' A ', '   ', '   ', ' A+ ', ' C+ ', ' A+ ', ' B+ ', ' A+ ']","[' A ', ' B ', ' P ', ' A+ ', ' B+ ', ' B+ ', ' A ', ' A ', ' A+ ']"
663,00161008,[],[]
664,00123967,"[' B+ ', '   ', '   ', ' A ', ' B ', ' A+ ', ' B ', ' B+ ', ' P ', ' A ']","[' A ', ' A ', ' A+ ', ' A+ ', ' A ', ' A ', ' A ', ' A ']"
665,00138428,"[' B ', ' B+ ', ' D ', '   ', '   ', ' A ', ' B ', ' B ', ' A+ ']","[' C+ ', ' A+ ', ' C+ ', ' C+ ', ' P ', ' A ', ' C ', ' D ', ' C ', ' A ', ' A ']"
666,00118888,"[' C ', ' B ', ' 91 ', ' F ', ' B+ ', '   ', ' A+ ', ' D ', ' C ', ' D ', ' B+ ', ' C+ ']","[' F ', ' C ', ' A+ ', ' F ', ' F ', ' B ', ' P ', ' B ', ' D ', ' D ', ' C ', ' B+ ', ' B+ ']"
667,00135225,"[' B+ ', ' A ', ' P ', ' A+ ', ' A+ ', ' A ', ' A+ ', ' P ', ' A+ ']",[]
