,id,Grade 7 Attendance,Grade 8 Attendance
0,00117857,[['Absent 4']],"[['Absent 14', 'Hospitalized/Medical 2', 'Tardy 6']]"
1,00132134,"[['Absent 14', 'Hospitalized/Medical 2']]","[['Absent 7', 'Hospitalized/Medical 8', 'Tardy 7']]"
2,00124402,[[]],[[]]
3,00118270,[['Absent 7']],"[['Absent 10', 'Tardy 3']]"
4,00139405,"[['Absent 14', 'Absent Full Day/Suspension 3', 'Tardy 3']]","[['Absent 10', 'Tardy 4']]"
5,00117713,"[['Absent 7', 'Hospitalized/Medical 2', 'Tardy 1']]","[['Absent 1', 'Hospitalized/Medical 4']]"
6,00115228,"[['Absent 2', 'Hospitalized/Medical 8', 'Tardy 2']]","[['Absent 6', 'Hospitalized/Medical 9', 'Tardy 9']]"
7,00127545,[['Absent 5']],"[['Absent 1', 'Absent/Family Trip 15', 'Hospitalized/Medical 2', 'Tardy 1']]"
8,00140285,[['Absent 2']],[['Tardy 1']]
9,00127477,"[['Absent 9', 'Hospitalized/Medical 1']]","[['Absent 5', 'Hospitalized/Medical 2']]"
10,00159804,[[]],[[]]
11,00156972,[[]],"[['Absent 1', 'Excused Late: Medical/School-Linked Professional 3', 'Tardy 3']]"
12,00117461,[['Tardy 1']],[[]]
13,00146152,"[['Absent 9', 'Hospitalized/Medical 10']]",[['Absent 15']]
14,00138274,[['Absent 5']],"[['Absent 7', 'Absent Full Day/Suspension 13', 'Tardy 4']]"
15,00147010,[['Absent 7']],"[['Absent 2', 'Tardy 6']]"
16,00118123,[[]],[[]]
17,00116828,[['Absent 5']],"[['Absent 6', 'Excused Late: Medical/School-Linked Professional 1', 'Tardy 1']]"
18,00140119,"[['Absent 1', 'Hospitalized/Medical 1', 'Tardy 2']]","[['Absent 1', 'Hospitalized/Medical 1', 'Tardy 12']]"
19,00118030,[['Absent 4']],"[['Absent 3', 'Tardy 13']]"
20,00156525,[[]],[['Absent 1']]
21,00131454,"[['Absent 9', 'Hospitalized/Medical 7', 'Tardy 2']]","[['Absent 7', 'Absent Full Day/Suspension 5', 'Hospitalized/Medical 6', 'Tardy 1']]"
22,00118354,"[['Absent 1', 'Hospitalized/Medical 2', 'Tardy 1']]","[['Excused Late: Medical/School-Linked Professional 2', 'Hospitalized/Medical 1', 'Tardy 5']]"
23,00151503,"[['Absent 2', 'Excused Late: School-Linked Professional Services 1', 'Hospitalized/Medical 5', 'Tardy 1']]","[['Absent 1', 'Excused Late: School-Linked Professional Services 1', 'Hospitalized/Medical 2', 'Tardy 3']]"
24,00124159,[['Absent 3']],[['Absent 2']]
25,00144663,"[['Absent 7', 'Hospitalized/Medical 2', 'Tardy 1']]","[['Absent 11', 'Excused Late: Medical/School-Linked Professional 1', 'Hospitalized/Medical 1', 'Tardy 5']]"
26,00121844,"[['Absent 7', 'Hospitalized/Medical 2']]","[['Absent 5', 'Hospitalized/Medical 2', 'Tardy 1']]"
27,00145508,[['Absent 10']],"[['Absent 25', 'Tardy 3']]"
28,00145507,"[['Absent 21', 'Hospitalized/Medical 1', 'Tardy 1']]","[['Absent 30', 'Present/In School Suspension 1', 'Tardy 7']]"
29,00117510,"[['Absent 3', 'Hospitalized/Medical 2']]","[['Absent 6', 'Hospitalized/Medical 1', 'Tardy 2']]"
30,00115256,[['Absent 1']],"[['Absent 2', 'Hospitalized/Medical 1', 'Tardy 1']]"
31,00115258,"[['Absent 1', 'Hospitalized/Medical 4', 'Tardy 1']]","[['Absent 3', 'Hospitalized/Medical 6', 'Tardy 5']]"
32,00152299,"[['Absent 2', 'Absent Full Day/Suspension 10', 'Excused Late: Medical/School-Linked Professional 1', 'Present/In School Suspension 1']]","[['Absent 1', 'Tardy 1']]"
33,00117542,"[['Absent 6', 'Tardy 1']]","[['Absent 5', 'Hospitalized/Medical 1', 'Tardy 17']]"
34,00117543,"[['Absent 5', 'Excused Late: Medical/School-Linked Professional 1', 'Tardy 1']]","[['Absent 7', 'Hospitalized/Medical 1', 'Tardy 13']]"
35,00115764,"[['Absent 2', 'Hospitalized/Medical 3']]","[['Absent 4', 'Hospitalized/Medical 3', 'Tardy 2']]"
36,00117097,"[['Absent 5', 'Tardy 1']]","[['Absent 22', 'Absent Full Day/ Suspension 4', 'Hospitalized/Medical 1', 'Present/ Field Trip 2', 'Present/ In School Suspension 2', 'Tardy 20']]"
37,00122088,"[['Absent 9', 'Excused Late: School-Linked Professional Services 2']]","[['Absent 5', 'Hospitalized/Medical 1', 'Tardy 4']]"
38,00144403,"[['Absent 6', 'Absent Full Day/Suspension 5', 'Excused Late: School-Linked Professional Services 10', 'Hospitalized/Medical 2', 'Tardy 1']]","[['Absent 17', 'Absent Full Day/Suspension 10', 'Excused Late: School-Linked Professional Services 1', 'Hospitalized/Medical 5', 'Tardy 17']]"
39,00158817,[[]],[[]]
40,00123855,"[['Absent 9', 'Tardy 2']]","[['Absent 1', 'Tardy 24']]"
41,00115263,"[['Absent 11', 'Absent Full Day/Suspension 6', 'Excused Late: School-Linked Professional Services 9', 'Hospitalized/Medical 8', 'Tardy 11']]","[['Absent 12', 'Excused Late: School-Linked Professional Services 1', 'Hospitalized/Medical 5', 'Tardy 18']]"
42,00157768,[[]],"[['Absent 2', 'Tardy 3']]"
43,00118062,"[['Absent 2', 'Excused Late: School-Linked Professional Services 1', 'Hospitalized/Medical 2']]","[['Absent 3', 'Absent/Family Trip 1', 'Hospitalized/Medical 4', 'Tardy 2']]"
44,00118074,"[['Absent 14', 'Tardy 6']]","[['Absent 9', 'Tardy 5']]"
45,00149029,"[['Absent 7', 'Hospitalized/Medical 4', 'Tardy 2']]","[['Absent 5', 'Absent/Family Trip 6', 'Tardy 1']]"
46,00145281,"[['Absent 9', 'Hospitalized/Medical 1', 'Tardy 2']]","[['Absent 6', 'Hospitalized/Medical 6', 'Tardy 3']]"
47,00159259,[[]],[[]]
48,00116296,"[['Absent 7', 'Absent Full Day/Suspension 13', 'Hospitalized/Medical 1', 'Present/In School Suspension 6']]","[['Absent 22', 'Absent Full Day/Suspension 21', 'Home Instruction 53', 'Tardy 19']]"
49,00117843,[[]],[['Tardy 1']]
50,00160117,[[]],[[]]
51,00117879,"[['Absent 19', 'Hospitalized/Medical 2', 'Tardy 12']]","[['Absent 20', 'Hospitalized/Medical 4', 'Tardy 14']]"
52,00115280,"[['Absent 15', 'Hospitalized/Medical 8', 'Tardy 9']]","[['Absent 13', 'Absent- Never Attended 1', 'Hospitalized/Medical 5', 'Tardy 14']]"
53,00123511,"[['Absent 11', 'Hospitalized/Medical 4', 'Tardy 13']]","[['Absent 6', 'Hospitalized/Medical 2', 'Tardy 13']]"
54,00144308,[[]],[[]]
55,00122283,"[['Absent 15', 'Absent Full Day/Suspension 8', 'Present/In School Suspension 3', 'Tardy 5']]","[['Absent 11', 'Absent Full Day/Suspension 2', 'Tardy 24']]"
56,00118022,"[['Absent 10', 'Hospitalized/Medical 6']]","[['Absent 9', 'Tardy 1']]"
57,00143480,"[['Absent 8', 'Tardy 6']]",[['Absent 8']]
58,00117894,"[['Absent 5', 'Hospitalized/Medical 1', 'Tardy 1']]","[['Absent 8', 'Tardy 6']]"
59,00116304,"[['Absent 8', 'Absent Full Day/Suspension 6', 'Home Instruction 12']]",[['Absent 5']]
60,00136097,"[['Absent 8', 'Hospitalized/Medical 1', 'Tardy 4']]","[['Absent 14', 'Hospitalized/Medical 5', 'Tardy 13']]"
61,00118478,"[['Absent 5', 'Hospitalized/Medical 1', 'Tardy 6']]","[['Absent 8', 'Hospitalized/Medical 3', 'Tardy 10']]"
62,00122098,"[['Absent 10', 'Absent Full Day/Suspension 1', 'Tardy 30']]","[['Absent 12', 'Hospitalized/Medical 2', 'Tardy 14']]"
63,00159022,[[]],[[]]
64,00160755,[[]],[[]]
65,00117056,"[['Absent 16', 'Tardy 3']]","[['Absent 9', 'Absent Full Day/Suspension 5', 'Excused Late: School-Linked Professional Services 1', 'Tardy 6']]"
66,00159053,[[]],[[]]
67,00142754,"[['Absent 8', 'Tardy 1']]","[['Absent 7', 'Hospitalized/Medical 1', 'Tardy 7']]"
68,00117564,"[['Absent 5', 'Hospitalized/Medical 4']]","[['Absent 5', 'Tardy 1']]"
69,00155934,[[]],"[['Absent 31', 'Hospitalized/Medical 4', 'Tardy 3']]"
70,00159366,[[]],[[]]
71,00132303,"[['Absent 4', 'Hospitalized/Medical 2', 'Tardy 1']]",[['Absent 4']]
72,00153054,"[['Absent 4', 'Excused Late: School-Linked Professional Services 1', 'Hospitalized/Medical 4', 'Tardy 4']]","[['Absent 3', 'Hospitalized/Medical 1', 'Tardy 1']]"
73,00121560,"[['Absent 11', 'Hospitalized/Medical 1', 'Tardy 41']]","[['Absent 8', 'Excused Late: School-Linked Professional Services 1', 'Hospitalized/Medical 4', 'Tardy 30']]"
74,00117565,"[['Absent 3', 'Hospitalized/Medical 1', 'Present/In School Suspension 1', 'Tardy 1']]",[['Absent 1']]
75,00118507,"[['Absent 5', 'Hospitalized/Medical 3', 'Tardy 17']]","[['Absent 4', 'Absent Full Day/Suspension 4', 'Present/In School Suspension 2', 'Tardy 17']]"
76,00117729,[['Absent 1']],"[['Absent 2', 'Tardy 8']]"
77,00117900,"[['Absent 8', 'Absent/Family Trip 5', 'Hospitalized/Medical 2', 'Tardy 2']]","[['Absent 15', 'Tardy 34']]"
78,00157280,[[]],[[]]
79,00141762,"[['Absent 6', 'Tardy 5']]","[['Absent 9', 'Absent/Family Trip 7', 'Tardy 3']]"
80,00132806,"[['Absent 9', 'Excused Late: Medical/School-Linked Professional 1', 'Hospitalized/Medical 5', 'Tardy 11']]","[['Absent 18', 'Tardy 20']]"
81,00115952,"[['Absent 2', 'Absent/Family Trip 4', 'Excused Late: Medical/School-Linked Professional 1', 'Hospitalized/Medical 2', 'Tardy 18']]",[[]]
82,00135149,[['Hospitalized/Medical 3']],[['Tardy 1']]
83,00158926,[[]],[[]]
84,00117567,"[['Absent 7', 'Absent Full Day/Suspension 8', 'Hospitalized/Medical 2', 'Present/In School Suspension 1']]","[['Absent 24', 'Hospitalized/Medical 8', 'Tardy 9']]"
85,00126687,[['Absent 16']],[['Absent 8']]
86,00145724,[['Tardy 1']],"[['Excused Late: School-Linked Professional Services 2', 'Hospitalized/Medical 1', 'Tardy 3']]"
87,00159123,[[]],[[]]
88,00134935,"[['Absent 10', 'Tardy 1']]","[['Absent 8', 'Tardy 18']]"
89,00154855,[['Absent 1']],"[['Absent 2', 'Tardy 4']]"
90,00118262,"[['Absent 9', 'Tardy 3']]","[['Absent 9', 'Hospitalized/Medical 1', 'Tardy 3']]"
91,00151264,"[['Absent 41', 'Absent Full Day/Suspension 8', 'Present/In School Suspension 1', 'Tardy 31']]","[['Absent 47', 'Excused Late: School-Linked Professional Services 4', 'Hospitalized/Medical 3', 'Tardy 10']]"
92,00131386,"[['Absent 3', 'Absent Full Day/Suspension 6', 'Tardy 1']]","[['Absent 6', 'Absent Full Day/Suspension 8', 'Excused Late: School-Linked Professional Services 1', 'Tardy 1']]"
93,00154708,"[['Absent 3', 'Hospitalized/Medical 2']]","[['Absent 2', 'Excused Late: Medical/School-Linked Professional 1', 'Hospitalized/Medical 2', 'Tardy 2']]"
94,00119652,"[['Absent 12', 'Tardy 23']]","[['Absent 15', 'Absent Half Day/Suspension 1', 'Absent/Family Trip 3', 'Hospitalized/Medical 1', 'Tardy 33']]"
95,00160853,[[]],[[]]
96,00155853,[[]],"[['Absent 7', 'Tardy 3']]"
97,00118637,[['Absent 3']],[['Absent 4']]
98,00132257,"[['Absent 3', 'Excused Late: Medical/School-Linked Professional 1', 'Tardy 1']]","[['Absent 4', 'Excused Late: Medical/School-Linked Professional 1', 'Hospitalized/Medical 2']]"
99,00123735,"[['Absent 5', 'Excused Late: Medical/School-Linked Professional 1', 'Hospitalized/Medical 2']]","[['Absent 6', 'Excused Late: Medical/School-Linked Professional 1', 'Tardy 8']]"
100,00156661,[[]],"[['Absent 4', 'Hospitalized/Medical 1', 'Tardy 1']]"
101,00153244,[['Absent 3']],[['Absent 3']]
102,00117575,"[['Absent 22', 'Hospitalized/Medical 5', 'Tardy 21']]","[['Absent 16', 'Tardy 15']]"
103,00126766,"[['Absent 3', 'Absent/Family Trip 5', 'Excused Late: Medical/School-Linked Professional 1', 'Hospitalized/Medical 21', 'Tardy 2']]","[['Absent 5', 'Tardy 2']]"
104,00141764,"[['Absent 5', 'Hospitalized/Medical 1', 'Tardy 8']]","[['Absent 10', 'Hospitalized/Medical 1', 'Tardy 9']]"
105,00126373,"[['Absent 34', 'Hospitalized/Medical 13', 'Tardy 2']]","[['Absent 35', 'Excused Late: School-linked Professonal Services 1', 'Hospitalized/Medical 24', 'Present/ In School Suspension 1', 'Tardy 19']]"
106,00115319,"[['Absent 1', 'Tardy 6']]","[['Absent 1', 'Absent Full Day/Suspension 1', 'Tardy 12']]"
107,00141460,"[['Absent 3', 'Tardy 10']]","[['Absent 6', 'Excused Late: Medical/School-Linked Professional 3', 'Hospitalized/Medical 1', 'Tardy 10']]"
108,00118842,"[['Absent 12', 'Hospitalized/Medical 4', 'Tardy 3']]","[['Absent 15', 'Tardy 9']]"
109,00136615,"[['Absent 1', 'Tardy 2']]","[['Absent 10', 'Hospitalized/Medical 6', 'Tardy 5']]"
110,00150086,"[['Absent 2', 'Hospitalized/Medical 4']]","[['Absent 6', 'Absent/Family Trip 6', 'Hospitalized/Medical 4', 'Tardy 3']]"
111,00131614,"[['Absent 17', 'Hospitalized/Medical 3', 'Tardy 1']]","[['Absent 15', 'Hospitalized/Medical 2', 'Tardy 10']]"
112,00115883,"[['Absent 3', 'Absent Full Day/Suspension 5', 'Hospitalized/Medical 1', 'Tardy 29']]","[['Absent 1', 'Excused Late: School-linked Professonal Services 1', 'Hospitalized/Medical 1', 'Present/ In School Suspension 1', 'Tardy 22']]"
113,00118066,"[['Absent 1', 'Tardy 1']]",[[]]
114,00118070,"[['Absent 4', 'Tardy 5']]","[['Hospitalized/Medical 1', 'Tardy 1']]"
115,00131197,"[['Absent 2', 'Tardy 9']]","[['Absent 2', 'Hospitalized/Medical 1', 'Tardy 2']]"
116,00160302,[[]],[[]]
117,00118029,[['Absent 5']],[['Absent 5']]
118,00138419,"[['Absent 12', 'Hospitalized/Medical 3', 'Tardy 3']]","[['Absent 16', 'Hospitalized/Medical 3', 'Tardy 6']]"
119,00115326,"[['Absent 13', 'Hospitalized/Medical 4', 'Tardy 5']]","[['Absent 11', 'Hospitalized/Medical 7', 'Tardy 3']]"
120,00127059,[[]],"[['Absent 7', 'Hospitalized/Medical 8', 'Tardy 1']]"
121,00157102,[[]],"[['Absent 11', 'Tardy 10']]"
122,00117809,"[['Absent 8', 'Hospitalized/Medical 6', 'Tardy 2']]","[['Absent 16', 'Hospitalized/Medical 8', 'Tardy 30']]"
123,00116736,"[['Absent 14', 'Hospitalized/Medical 2', 'Tardy 6']]","[['Absent 12', 'Hospitalized/Medical 7', 'Tardy 23']]"
124,00116873,"[['Absent 13', 'Hospitalized/Medical 4', 'Tardy 8']]","[['Absent 13', 'Hospitalized/Medical 5', 'Tardy 14']]"
125,00144769,[['Absent 2']],[['Absent 4']]
126,00118809,"[['Absent 8', 'Hospitalized/Medical 1', 'Tardy 3']]","[['Absent 7', 'Hospitalized/Medical 4', 'Tardy 9']]"
127,00118248,"[['Absent 2', 'Tardy 1']]","[['Absent 1', 'Tardy 1']]"
128,00117578,"[['Absent 2', 'Hospitalized/Medical 3']]",[['Hospitalized/Medical 1']]
129,00118076,"[['Absent 6', 'Hospitalized/Medical 5']]","[['Absent 8', 'Hospitalized/Medical 2', 'Tardy 1']]"
130,00148481,"[['Absent 5', 'Absent/Family Trip 5', 'Tardy 6']]","[['Absent 3', 'Absent/Family Trip 5', 'Hospitalized/Medical 4', 'Tardy 5']]"
131,00141305,[['Absent 1']],"[['Absent 2', 'Tardy 1']]"
132,00145213,[['Tardy 1']],[['Tardy 5']]
133,00145214,[['Tardy 1']],[[]]
134,00155895,[[]],"[['Absent 9', 'Tardy 1']]"
135,00141549,"[['Absent 8', 'Present/In School Suspension 1', 'Tardy 2']]","[['Absent 10', 'Absent Full Day/Suspension 5']]"
136,00117579,[['Absent 7']],"[['Absent 3', 'Tardy 3']]"
137,00118762,[['Absent 2']],"[['Absent 7', 'Tardy 2']]"
138,00117728,[['Absent 1']],"[['Absent 1', 'Tardy 2']]"
139,00118957,"[['Absent 10', 'Tardy 6']]","[['Absent 8', 'Hospitalized/Medical 1', 'Tardy 12']]"
140,00117520,"[['Absent 6', 'Tardy 3']]","[['Absent 4', 'Tardy 11']]"
141,00157170,[[]],"[['Absent 7', 'Tardy 1']]"
142,00144843,"[['Absent 6', 'Tardy 1']]","[['Absent 2', 'Excused Late: Medical/School-Linked Professional 1', 'Hospitalized/Medical 3', 'Tardy 1']]"
143,00141561,"[['Absent 10', 'Absent/Family Trip 2', 'Hospitalized/Medical 3', 'Tardy 13']]","[['Absent 5', 'Hospitalized/Medical 1', 'Tardy 13']]"
144,00115338,"[['Absent 7', 'Hospitalized/Medical 3', 'Tardy 12']]","[['Absent 17', 'Hospitalized/Medical 9', 'Present/ In School Suspension 3', 'Tardy 15']]"
145,00157376,[[]],[['Absent 9']]
146,00115340,"[['Absent 8', 'Absent Full Day/ Suspension 1', 'Absent Full Day/Suspension 5', 'Absent/Family Trip 2', 'Excused Late: School-Linked Professional Services 4', 'Hospitalized/Medical 1', 'Present/In School Suspension 3', 'Tardy 19']]","[['Absent 7', 'Hospitalized/Medical 1', 'Tardy 23']]"
147,00117570,"[['Absent 2', 'Absent/Family Trip 8', 'Hospitalized/Medical 1', 'Tardy 1']]","[['Absent 9', 'Absent Full Day/Suspension 7', 'Excused Late: Medical/School-Linked Professional 6', 'Tardy 5']]"
148,00118308,[['Tardy 4']],[['Tardy 1']]
149,00117571,"[['Absent 2', 'Absent/Family Trip 8', 'Excused Late: Medical/School-Linked Professional 1', 'Hospitalized/Medical 2', 'Tardy 2']]","[['Absent 8', 'Absent Full Day/Suspension 2', 'Tardy 4']]"
150,00117715,"[['Absent 8', 'Tardy 3']]","[['Absent 6', 'Hospitalized/Medical 3', 'Tardy 2']]"
151,00117814,"[['Absent 11', 'Hospitalized/Medical 3']]","[['Absent 6', 'Hospitalized/Medical 9']]"
152,00149391,[['Absent 12']],"[['Absent 8', 'Hospitalized/Medical 1', 'Tardy 2']]"
153,00117654,"[['Absent 3', 'Hospitalized/Medical 4']]","[['Absent 2', 'Hospitalized/Medical 2', 'Tardy 7']]"
154,00115961,"[['Absent 6', 'Tardy 1']]","[['Absent 3', 'Tardy 3']]"
155,00117722,[['Absent 4']],"[['Absent 2', 'Tardy 10']]"
156,00132372,[[]],[[]]
157,00159917,[[]],[[]]
158,00148478,"[['Absent 8', 'Tardy 1']]","[['Absent 8', 'Hospitalized/Medical 1', 'Tardy 9']]"
159,00127143,[['Absent 3']],"[['Absent 2', 'Tardy 2']]"
160,00132760,"[['Absent 9', 'Hospitalized/Medical 2', 'Tardy 24']]","[['Absent 10', 'Hospitalized/Medical 3', 'Tardy 9']]"
161,00131422,"[['Absent 20', 'Tardy 15']]","[['Absent 13', 'Excused Late: Medical/School-Linked Professional 1', 'Tardy 14']]"
162,00117697,"[['Absent 5', 'Tardy 1']]","[['Absent 2', 'Excused Late: Medical/School-Linked Professional 1']]"
163,00160652,[[]],[[]]
164,00153213,"[['Absent 6', 'Excused Late: School-Linked Professional Services 1', 'Hospitalized/Medical 2', 'Tardy 9']]","[['Absent 4', 'Absent/Family Trip 1', 'Tardy 6']]"
165,00156558,[[]],"[['Absent 6', 'Hospitalized/Medical 1']]"
166,00147728,"[['Absent 12', 'Excused Late: Medical/School-Linked Professional 1', 'Hospitalized/Medical 7', 'Tardy 1']]","[['Absent 10', 'Hospitalized/Medical 2', 'Tardy 8']]"
167,00135228,"[['Absent 7', 'Absent/Family Trip 6']]","[['Absent 12', 'Excused Late: Medical/School-Linked Professional 1', 'Hospitalized/Medical 1', 'Tardy 14']]"
168,00116416,"[['Absent 7', 'Tardy 1']]","[['Absent 7', 'Tardy 6']]"
169,00160966,[[]],[[]]
170,00158322,[[]],[[]]
171,00143677,"[['Absent 10', 'Absent Full Day/Suspension 1', 'Hospitalized/Medical 3', 'Tardy 2']]","[['Absent 7', 'Hospitalized/Medical 7', 'Tardy 7']]"
172,00134700,"[['Absent 10', 'Hospitalized/Medical 2', 'Tardy 10']]","[['Absent 6', 'Absent Full Day/Suspension 4', 'Hospitalized/Medical 2', 'Present/In School Suspension 1', 'Tardy 8']]"
173,00117874,"[['Absent 4', 'Hospitalized/Medical 1', 'Present/In School Suspension 1', 'Tardy 6']]","[['Absent 5', 'Absent/Family Trip 3', 'Hospitalized/Medical 1', 'Tardy 22']]"
174,00148204,"[['Absent 28', 'Hospitalized/Medical 7', 'Tardy 2']]","[['Absent 8', 'Tardy 6']]"
175,00135131,"[['Absent 8', 'Tardy 19']]","[['Absent 8', 'Tardy 23']]"
176,00154884,[['Absent 1']],[['Absent 4']]
177,00122279,"[['Absent 7', 'Hospitalized/Medical 1']]","[['Absent 9', 'Tardy 3']]"
178,00158996,[[]],[[]]
179,00117594,[[]],[['Hospitalized/Medical 1']]
180,00128359,"[['Absent 2', 'Hospitalized/Medical 1']]","[['Absent 1', 'Tardy 11']]"
181,00115384,"[['Absent 6', 'Hospitalized/Medical 2', 'Tardy 2']]","[['Absent 11', 'Tardy 14']]"
182,00148881,"[['Absent 1', 'Hospitalized/Medical 1']]",[['Hospitalized/Medical 1']]
183,00153303,"[['Absent 13', 'Tardy 2']]","[['Absent 4', 'Tardy 13']]"
184,00155497,[[]],"[['Absent 4', 'Tardy 6']]"
185,00133164,"[['Absent 3', 'Hospitalized/Medical 2']]","[['Absent 8', 'Absent Full Day/Suspension 7', 'Tardy 2']]"
186,00160008,[[]],[[]]
187,00143216,"[['Absent 9', 'Absent/Family Trip 6', 'Hospitalized/Medical 14', 'Tardy 14']]","[['Absent 21', 'Hospitalized/Medical 9', 'Tardy 31']]"
188,00134822,"[['Absent 5', 'Hospitalized/Medical 2', 'Tardy 2']]","[['Absent 3', 'Excused Late: Medical/School-Linked Professional 1', 'Tardy 3']]"
189,00115388,"[['Absent/Family Trip 7', 'Hospitalized/Medical 2']]","[['Absent 2', 'Hospitalized/Medical 2']]"
190,00143007,"[['Absent 8', 'Hospitalized/Medical 1', 'Tardy 12']]","[['Absent 15', 'Present/ Field Trip 1', 'Tardy 10']]"
191,00118192,"[['Absent 8', 'Tardy 2']]","[['Absent 5', 'Tardy 6']]"
192,00146155,[[]],"[['Absent 12', 'Hospitalized/Medical 4', 'Tardy 2']]"
193,00117596,"[['Absent 6', 'Tardy 4']]","[['Absent 7', 'Absent/Family Trip 3', 'Tardy 11']]"
194,00117906,[['Absent 3']],[[]]
195,00117538,"[['Absent 4', 'Hospitalized/Medical 8']]",[['Absent 6']]
196,00123962,[['Absent 6']],"[['Absent 10', 'Tardy 1']]"
197,00118225,"[['Absent 5', 'Absent Full Day/Suspension 12', 'Hospitalized/Medical 1', 'Tardy 3']]","[['Absent 8', 'Tardy 14']]"
198,00140452,"[['Absent 9', 'Excused Late: Medical/School-Linked Professional 2', 'Hospitalized/Medical 4', 'Tardy 25']]","[['Absent 4', 'Excused Late: Medical/School-Linked Professional 1', 'Hospitalized/Medical 1', 'Tardy 25']]"
199,00151312,"[['Absent 2', 'Excused Late: School-Linked Professional Services 2', 'Hospitalized/Medical 1']]","[['Absent 1', 'Tardy 6']]"
200,00115395,[[]],[[]]
201,00115208,"[['Absent 13', 'Tardy 1']]","[['Absent 10', 'Absent Full Day/ Suspension 1', 'Hospitalized/Medical 5', 'Present/ In School Suspension 4', 'Tardy 4']]"
202,00144455,"[['Absent 7', 'Hospitalized/Medical 4', 'Tardy 22']]","[['Absent 10', 'Absent Full Day/Suspension 13', 'Home Instruction 7', 'Hospitalized/Medical 2', 'Tardy 14']]"
203,00142974,"[['Absent 1', 'Hospitalized/Medical 2', 'Tardy 4']]","[['Absent 3', 'Hospitalized/Medical 1']]"
204,00134975,"[['Absent 6', 'Tardy 6']]",[[]]
205,00115991,"[['Absent 13', 'Excused Late: Medical/School-Linked Professional 1', 'Hospitalized/Medical 1', 'Tardy 15']]","[['Absent 4', 'Hospitalized/Medical 3', 'Tardy 28']]"
206,00158991,[[]],[[]]
207,00157002,[[]],[[]]
208,00118441,"[['Absent 3', 'Hospitalized/Medical 1', 'Tardy 20']]","[['Absent 2', 'Hospitalized/Medical 1', 'Tardy 18']]"
209,00117376,[[]],"[['Absent 2', 'Administrative 7', 'Tardy 1']]"
210,00122956,"[['Absent 19', 'Absent Full Day/Suspension 12', 'Excused Late: School-Linked Professional Services 1', 'Home Instruction 64', 'Hospitalized/Medical 3', 'Tardy 20']]","[['Absent 11', 'Absent Full Day/Suspension 23', 'Excused Late: School-Linked Professional Services 1', 'Home Instruction 25', 'Hospitalized/Medical 18', 'Present/Field Trip 1', 'Tardy 28']]"
211,00137956,[['Absent 1']],[['Absent 1']]
212,00115409,"[['Absent 10', 'Hospitalized/Medical 5']]","[['Absent 12', 'Excused Late: School-Linked Professional Services 2', 'Hospitalized/Medical 1', 'Tardy 4']]"
213,00116750,[[]],[[]]
214,00143770,"[['Absent 6', 'Absent Full Day/Suspension 5', 'Excused Late: School-Linked Professional Services 3']]","[['Absent 2', 'Hospitalized/Medical 1', 'Tardy 7']]"
215,00131414,[[]],[[]]
216,00141468,"[['Absent 4', 'Hospitalized/Medical 4', 'Tardy 3']]","[['Absent 5', 'Tardy 5']]"
217,00118956,"[['Absent 10', 'Tardy 1']]","[['Absent 6', 'Hospitalized/Medical 2']]"
218,00158980,[[]],[[]]
219,00155772,[[]],"[['Absent 3', 'Absent/Family Trip 1', 'Tardy 2']]"
220,00159402,[[]],[[]]
221,00116038,[['Absent 1']],[['Tardy 1']]
222,00159119,[[]],[[]]
223,00123510,"[['Absent 20', 'Hospitalized/Medical 2', 'Tardy 25']]","[['Absent 21', 'Absent Full Day/Suspension 6', 'Hospitalized/Medical 1', 'Tardy 31']]"
224,00116448,[[]],"[['Absent 5', 'Hospitalized/Medical 2', 'Tardy 2']]"
225,00128574,"[['Absent 2', 'Hospitalized/Medical 3']]",[['Hospitalized/Medical 1']]
226,00151256,"[['Absent 2', 'Hospitalized/Medical 1']]",[['Absent 4']]
227,00156193,[[]],"[['Absent 8', 'Hospitalized/Medical 6', 'Tardy 1']]"
228,00117862,"[['Absent 4', 'Tardy 2']]",[[]]
229,00159461,[[]],[[]]
230,00153766,[['Absent 7']],"[['Absent 10', 'Absent Full Day/Suspension 9', 'Excused Late: School-Linked Professional Services 1', 'Hospitalized/Medical 1', 'Tardy 4']]"
231,00117667,"[['Absent 3', 'Tardy 1']]","[['Absent 2', 'Hospitalized/Medical 1', 'Tardy 2']]"
232,00122270,[[]],"[['Absent 2', 'Hospitalized/Medical 4', 'Tardy 4']]"
233,00147070,"[['Absent 3', 'Absent/Family Trip 6', 'Tardy 1']]",[['Absent/Family Trip 7']]
234,00118188,"[['Absent 13', 'Absent Full Day/Suspension 5', 'Tardy 18']]","[['Absent 31', 'Hospitalized/Medical 9', 'Tardy 26']]"
235,00117769,"[['Absent 6', 'Hospitalized/Medical 5']]","[['Absent 37', 'Hospitalized/Medical 5', 'Tardy 4']]"
236,00117708,"[['Absent 1', 'Tardy 1']]","[['Excused Late: Medical/School-Linked Professional 1', 'Tardy 10']]"
237,00116752,[['Tardy 1']],"[['Absent 8', 'Excused Late: School-linked Professonal Services 1', 'Tardy 6']]"
238,00118101,"[['Absent 8', 'Absent/Family Trip 2', 'Present/In School Suspension 1', 'Tardy 14']]","[['Absent 1', 'Absent/Family Trip 10', 'Excused Late: School-Linked Professional Services 1', 'Hospitalized/Medical 1', 'Tardy 19']]"
239,00155173,[[]],[['Absent 1']]
240,00159350,[[]],[[]]
241,00145222,"[['Absent 3', 'Hospitalized/Medical 6', 'Tardy 3']]","[['Absent 12', 'Hospitalized/Medical 2', 'Tardy 18']]"
242,00154161,[['Hospitalized/Medical 1']],[['Absent 2']]
243,00146132,"[['Absent 13', 'Hospitalized/Medical 1']]","[['Absent 14', 'Hospitalized/Medical 3', 'Tardy 3']]"
244,00159261,[[]],[[]]
245,00115425,[['Absent 1']],[['Absent 1']]
246,00153270,"[['Absent 13', 'Excused Late: Medical/School-Linked Professional 1', 'Hospitalized/Medical 1', 'Tardy 7']]","[['Absent 6', 'Absent/Family Trip 8', 'Hospitalized/Medical 2', 'Tardy 12']]"
247,00118393,"[['Absent 3', 'Hospitalized/Medical 1', 'Tardy 3']]","[['Absent 2', 'Hospitalized/Medical 1', 'Tardy 3']]"
248,00115426,"[['Absent 4', 'Hospitalized/Medical 4', 'Tardy 1']]","[['Absent 2', 'Excused Late: School-Linked Professional Services 1', 'Hospitalized/Medical 1', 'Tardy 3']]"
249,00126688,"[['Absent 4', 'Absent Full Day/Suspension 5', 'Hospitalized/Medical 2', 'Tardy 3']]","[['Absent 8', 'Excused Late: School-Linked Professional Services 1', 'Tardy 8']]"
250,00149074,"[['Absent Full Day/Suspension 5', 'Tardy 1']]","[['Absent 7', 'Absent Full Day/Suspension 10', 'Hospitalized/Medical 6', 'Tardy 1']]"
251,00117920,"[['Absent 5', 'Excused Late: Medical/School-Linked Professional 1', 'Tardy 9']]","[['Absent 7', 'Present/In School Suspension 1', 'Tardy 32']]"
252,00157366,[[]],"[['Absent 2', 'Tardy 9']]"
253,00125660,"[['Absent Full Day/Suspension 6', 'Tardy 8']]","[['Absent 2', 'Absent Full Day/Suspension 11', 'Tardy 2']]"
254,00117749,"[['Absent 8', 'Tardy 4']]","[['Absent 10', 'Tardy 12']]"
255,00139759,[[]],"[['Absent 3', 'Hospitalized/Medical 2']]"
256,00118499,"[['Absent 9', 'Tardy 10']]","[['Absent 4', 'Absent Full Day/Suspension 2', 'Hospitalized/Medical 5', 'Tardy 19']]"
257,00159047,[[]],[[]]
258,00115772,"[['Absent 2', 'Hospitalized/Medical 3', 'Tardy 2']]","[['Absent 6', 'Excused Late: School-Linked Professional Services 1', 'Tardy 4']]"
259,00135744,"[['Absent 2', 'Tardy 2']]","[['Absent 2', 'Tardy 6']]"
260,00160607,[[]],[[]]
261,00114355,"[['Absent 2', 'Hospitalized/Medical 1', 'Tardy 1']]","[['Absent 4', 'Tardy 5']]"
262,00150508,"[['Absent 12', 'Hospitalized/Medical 7', 'Tardy 3']]","[['Absent 5', 'Absent Full Day/Suspension 6', 'Hospitalized/Medical 1', 'Tardy 5']]"
263,00118934,"[['Hospitalized/Medical 1', 'Tardy 1']]",[['Tardy 3']]
264,00155900,[[]],"[['Absent 10', 'Hospitalized/Medical 1', 'Tardy 9']]"
265,00115887,"[['Absent 28', 'Excused Late: Medical/School-Linked Professional 1', 'Home Instruction 136', 'Hospitalized/Medical 2', 'Tardy 3']]","[['Absent 27', 'Home Instruction 104', 'Tardy 12']]"
266,00117343,"[['Absent 5', 'Present/In School Suspension 2']]","[['Absent 4', 'Tardy 1']]"
267,00154659,[[]],[[]]
268,00126613,"[['Absent 3', 'Tardy 3']]","[['Absent 1', 'Tardy 2']]"
269,00115438,"[['Absent 5', 'Excused Late: Medical/School-Linked Professional 2', 'Tardy 22']]","[['Absent 5', 'Present/ In School Suspension 1', 'Tardy 8']]"
270,00113456,"[['Absent 7', 'Excused Late: Medical/School-Linked Professional 2', 'Hospitalized/Medical 5', 'Tardy 4']]","[['Absent 5', 'Absent Full Day/ Suspension 2', 'Hospitalized/Medical 5', 'Present/ In School Suspension 1', 'Tardy 10']]"
271,00155948,[[]],"[['Absent 2', 'Excused Late: Medical/School-Linked Professional 1']]"
272,00158336,[[]],[[]]
273,00115802,"[['Absent 10', 'Hospitalized/Medical 1']]","[['Absent 5', 'Tardy 2']]"
274,00159356,[[]],[[]]
275,00137867,[['Absent 1']],[['Absent 2']]
276,00159453,[[]],[[]]
277,00117604,"[['Absent 9', 'Excused Late: Medical/School-Linked Professional 1']]","[['Absent 8', 'Excused Late: Medical/School-Linked Professional 1', 'Hospitalized/Medical 1', 'Tardy 4']]"
278,00117605,"[['Absent 5', 'Hospitalized/Medical 2', 'Tardy 5']]","[['Absent 6', 'Hospitalized/Medical 1', 'Tardy 5']]"
279,00160665,[[]],[[]]
280,00123149,[[]],[[]]
281,00118154,"[['Absent 2', 'Excused Late: School-Linked Professional Services 1', 'Home Instruction 169', 'Hospitalized/Medical 6', 'Tardy 2']]","[['Absent 3', 'Absent Full Day/Suspension 5', 'Home Instruction 163', 'Hospitalized/Medical 1']]"
282,00117841,"[['Absent 3', 'Hospitalized/Medical 2']]","[['Absent 4', 'Hospitalized/Medical 2', 'Tardy 4']]"
283,00118966,[[]],[[]]
284,00117609,"[['Absent 5', 'Hospitalized/Medical 4', 'Tardy 2']]","[['Absent 4', 'Hospitalized/Medical 1', 'Tardy 10']]"
285,00116729,"[['Absent 5', 'Hospitalized/Medical 3']]","[['Absent 3', 'Excused Late: Medical/School-Linked Professional 1', 'Hospitalized/Medical 1', 'Tardy 1']]"
286,00117687,"[['Absent 6', 'Tardy 2']]","[['Absent 7', 'Present/In School Suspension 1', 'Tardy 19']]"
287,00118347,"[['Absent 2', 'Excused Late: Medical/School-Linked Professional 1', 'Tardy 1']]","[['Absent 4', 'Excused Late: Medical/School-Linked Professional 1', 'Hospitalized/Medical 1', 'Present/In School Suspension 1', 'Tardy 3']]"
288,00153094,"[['Absent 4', 'Absent/Family Trip 8', 'Hospitalized/Medical 1']]","[['Absent 5', 'Tardy 2']]"
289,00123858,"[['Absent 15', 'Absent Full Day/Suspension 17', 'Excused Late: School-Linked Professional Services 2', 'Home Instruction 62', 'Hospitalized/Medical 1', 'Tardy 13']]","[['Absent 10', 'Absent Full Day/Suspension 17', 'Home Instruction 56', 'Hospitalized/Medical 2', 'Present/In School Suspension 1', 'Tardy 16']]"
290,00146760,"[['Absent 4', 'Hospitalized/Medical 1']]","[['Absent 3', 'Hospitalized/Medical 1', 'Tardy 1']]"
291,00116046,"[['Absent 3', 'Excused Late: Medical/School-Linked Professional 3', 'Hospitalized/Medical 1', 'Tardy 4']]","[['Absent 5', 'Tardy 8']]"
292,00150819,[['Absent 4']],[[]]
293,00119503,"[['Absent 8', 'Excused Late: School-Linked Professional Services 3', 'Hospitalized/Medical 3', 'Tardy 30']]","[['Absent 3', 'Tardy 24']]"
294,00114515,[[]],[[]]
295,00116442,"[['Absent 13', 'Hospitalized/Medical 2', 'Tardy 22']]","[['Absent 13', 'Absent/Family Trip 10', 'Excused Late: Medical/School-Linked Professional 1', 'Hospitalized/Medical 3', 'Tardy 23']]"
296,00149471,[[]],[['Hospitalized/Medical 2']]
297,00159168,[[]],[[]]
298,00144787,[['Excused Late: Medical/School-Linked Professional 1']],[['Absent 4']]
299,00123031,"[['Absent 8', 'Excused Late: Medical/School-Linked Professional 1', 'Tardy 23']]","[['Absent 3', 'Home Instruction 106', 'Tardy 10']]"
300,00118162,"[['Absent 8', 'Present/In School Suspension 1']]",[[]]
301,00117438,"[['Absent 1', 'Hospitalized/Medical 2']]","[['Absent 2', 'Tardy 5']]"
302,00160403,[[]],[[]]
303,00158602,[[]],[[]]
304,00151504,"[['Absent 11', 'Tardy 3']]","[['Absent 9', 'Tardy 4']]"
305,00117614,[[]],"[['Absent 1', 'Tardy 3']]"
306,00126594,[['Absent 1']],[['Tardy 2']]
307,00131229,"[['Absent 4', 'Hospitalized/Medical 1']]","[['Absent 3', 'Hospitalized/Medical 1']]"
308,00118967,[['Absent 7']],"[['Absent 2', 'Hospitalized/Medical 1', 'Tardy 2']]"
309,00122561,"[['Absent 5', 'Absent Full Day/Suspension 19', 'Home Instruction 22', 'Present/In School Suspension 1', 'Tardy 11']]",[[]]
310,00118190,"[['Absent 13', 'Hospitalized/Medical 6', 'Tardy 53']]","[['Absent 15', 'Hospitalized/Medical 2', 'Tardy 15']]"
311,00115469,"[['Absent 3', 'Hospitalized/Medical 4', 'Tardy 1']]","[['Absent 9', 'Tardy 3']]"
312,00117516,"[['Absent 12', 'Hospitalized/Medical 2']]","[['Absent 13', 'Hospitalized/Medical 2']]"
313,00139954,"[['Absent 2', 'Tardy 5']]","[['Absent 1', 'Hospitalized/Medical 1', 'Tardy 7']]"
314,00115803,"[['Absent 9', 'Tardy 2']]","[['Absent 6', 'Tardy 4']]"
315,00117508,"[['Absent 9', 'Tardy 9']]","[['Absent 6', 'Tardy 16']]"
316,00118090,"[['Absent 14', 'Tardy 7']]","[['Absent 11', 'Tardy 16']]"
317,00135115,[['Absent 2']],[['Absent 1']]
318,00135017,"[['Absent 7', 'Absent Full Day/Suspension 9', 'Excused Late: School-Linked Professional Services 2', 'Present/In School Suspension 1', 'Tardy 4']]","[['Absent 6', 'Absent Full Day/Suspension 6', 'Excused Late: School-Linked Professional Services 1', 'Hospitalized/Medical 1', 'Tardy 15']]"
319,00118105,"[['Absent 2', 'Absent Full Day/Suspension 5', 'Tardy 5']]","[['Absent 4', 'Tardy 4']]"
320,00118989,"[['Absent 8', 'Hospitalized/Medical 1']]","[['Absent 10', 'Absent Full Day/Suspension 8', 'Hospitalized/Medical 1', 'Tardy 2']]"
321,00118779,"[['Absent 15', 'Hospitalized/Medical 2', 'Tardy 2']]","[['Absent 15', 'Absent/Family Trip 4', 'Hospitalized/Medical 7', 'Tardy 2']]"
322,00118282,"[['Absent 9', 'Tardy 9']]","[['Absent 8', 'Tardy 19']]"
323,00118135,[['Absent 4']],"[['Absent 4', 'Tardy 10', 'Truant 1']]"
324,00117989,[[]],[[]]
325,00118343,"[['Absent 10', 'Hospitalized/Medical 1']]","[['Absent 12', 'Hospitalized/Medical 1']]"
326,00158056,[[]],[[]]
327,00159278,[[]],[[]]
328,00118331,"[['Absent 2', 'Excused Late: School-Linked Professional Services 1']]",[['Tardy 1']]
329,00149707,"[['Absent 15', 'Tardy 5']]","[['Absent 1', 'Excused Late: School-Linked Professional Services 1', 'Hospitalized/Medical 2']]"
330,00117825,[['Absent 2']],[['Tardy 1']]
331,00130915,"[['Absent 15', 'Hospitalized/Medical 4', 'Tardy 5']]","[['Absent 16', 'Hospitalized/Medical 7', 'Tardy 11']]"
332,00148283,"[['Absent 5', 'Hospitalized/Medical 2']]","[['Absent 2', 'Tardy 4']]"
333,00139912,[['Absent 3']],"[['Absent 3', 'Tardy 5']]"
334,00153227,"[['Absent 9', 'Tardy 1']]","[['Absent 7', 'Absent Full Day/Suspension 3', 'Hospitalized/Medical 1', 'Tardy 8']]"
335,00117528,"[['Absent 1', 'Tardy 1']]","[['Absent 3', 'Tardy 2']]"
336,00117019,"[['Absent 18', 'Excused Late: School-Linked Professional Services 1', 'Hospitalized/Medical 3', 'Tardy 24']]","[['Absent 19', 'Tardy 21']]"
337,00155705,[[]],"[['Absent 6', 'Excused Late: Medical/School-Linked Professional 4', 'Hospitalized/Medical 4', 'Tardy 1']]"
338,00118476,"[['Absent 5', 'Hospitalized/Medical 2']]","[['Absent 3', 'Hospitalized/Medical 2', 'Tardy 7']]"
339,00117911,"[['Absent 13', 'Hospitalized/Medical 9', 'Tardy 1']]","[['Absent 9', 'Hospitalized/Medical 8', 'Tardy 4']]"
340,00145094,"[['Absent 15', 'Excused Late: School-Linked Professional Services 1', 'Tardy 7']]","[['Absent 13', 'Absent/Family Trip 1', 'Tardy 3']]"
341,00132193,[['Absent 6']],[['Absent 7']]
342,00122966,[['Absent 5']],"[['Absent 5', 'Tardy 7']]"
343,00117790,[[]],"[['Absent 4', 'Absent- Never Attended 1', 'Absent/Family Trip 1', 'Tardy 3']]"
344,00115950,"[['Absent 3', 'Excused Late: School-Linked Professional Services 1', 'Hospitalized/Medical 1', 'Tardy 2']]","[['Absent 6', 'Excused Late: School-Linked Professional Services 1', 'Tardy 6']]"
345,00123329,"[['Absent 14', 'Absent Full Day/Suspension 20', 'Hospitalized/Medical 2', 'Tardy 24']]","[['Absent 15', 'Absent Full Day/Suspension 14', 'Absent/Family Trip 1', 'Home Instruction 53', 'Hospitalized/Medical 1', 'Present/In School Suspension 1', 'Tardy 18']]"
346,00118793,[['Absent 4']],"[['Absent 4', 'Tardy 1']]"
347,00116418,"[['Absent 4', 'Tardy 1']]","[['Absent 5', 'Tardy 15']]"
348,00117795,"[['Absent 4', 'Tardy 5']]","[['Absent 3', 'Excused Late: Medical/School-Linked Professional 1', 'Tardy 9']]"
349,00122908,"[['Absent 4', 'Hospitalized/Medical 1']]","[['Absent 4', 'Hospitalized/Medical 1', 'Tardy 2']]"
350,00118185,"[['Absent 6', 'Hospitalized/Medical 1', 'Tardy 1']]",[['Absent 5']]
351,00118271,"[['Absent 6', 'Hospitalized/Medical 2', 'Present/In School Suspension 2', 'Tardy 1']]","[['Absent 5', 'Absent Full Day/Suspension 12', 'Present/In School Suspension 4', 'Tardy 19']]"
352,00127526,"[['Absent 34', 'Hospitalized/Medical 4', 'Tardy 14']]","[['Absent 15', 'Absent Full Day/Suspension 5', 'Tardy 37']]"
353,00153232,"[['Absent 3', 'Hospitalized/Medical 1']]","[['Absent 5', 'Hospitalized/Medical 8']]"
354,00115897,"[['Absent 10', 'Absent Full Day/Suspension 5', 'Hospitalized/Medical 1', 'Tardy 1']]","[['Absent 18', 'Tardy 7']]"
355,00118999,"[['Absent 4', 'Absent Full Day/Suspension 5', 'Tardy 3']]","[['Absent 6', 'Absent/Family Trip 4', 'Tardy 10']]"
356,00117675,"[['Absent 1', 'Excused Absent Religion/Take Child to Work 1']]","[['Absent 4', 'Tardy 20']]"
357,00117484,[['Hospitalized/Medical 1']],"[['Hospitalized/Medical 2', 'Tardy 9']]"
358,00153712,"[['Absent 9', 'Excused Late: School-Linked Professional Services 1', 'Tardy 2']]","[['Absent 6', 'Excused Late: School-Linked Professional Services 1', 'Tardy 2']]"
359,00117731,[['Absent 2']],"[['Absent 2', 'Hospitalized/Medical 1']]"
360,00148905,[['Absent 5']],"[['Absent 2', 'Tardy 1']]"
361,00160014,[[]],[[]]
362,00123207,[['Absent 5']],"[['Absent 7', 'Tardy 1']]"
363,00138184,[['Hospitalized/Medical 1']],[['Absent 4']]
364,00117826,"[['Absent 5', 'Hospitalized/Medical 5', 'Tardy 1']]","[['Absent 5', 'Hospitalized/Medical 5']]"
365,00115508,[[]],"[['Absent 1', 'Excused Late: Medical/School-Linked Professional 1', 'Tardy 2']]"
366,00141380,[[]],"[['Absent 4', 'Hospitalized/Medical 1', 'Tardy 1']]"
367,00117633,"[['Absent 2', 'Tardy 2']]","[['Absent 1', 'Excused Late: School-Linked Professional Services 2', 'Tardy 8']]"
368,00146169,[['Absent 5']],"[['Absent 2', 'Hospitalized/Medical 2']]"
369,00144847,"[['Absent 10', 'Tardy 7']]","[['Absent 12', 'Hospitalized/Medical 3', 'Tardy 19']]"
370,00150889,[['Tardy 5']],[['Tardy 8']]
371,00118196,"[['Absent 11', 'Tardy 11']]","[['Absent 27', 'Excused Late: Medical/School-Linked Professional 1', 'Hospitalized/Medical 1', 'Present/In School Suspension 1', 'Tardy 12']]"
372,00115777,"[['Absent 12', 'Excused Late: Medical/School-Linked Professional 4', 'Hospitalized/Medical 13', 'Tardy 4']]","[['Absent 18', 'Excused Late: Medical/School-Linked Professional 2', 'Hospitalized/Medical 12', 'Tardy 2']]"
373,00158634,[[]],[[]]
374,00122638,"[['Absent 10', 'Hospitalized/Medical 2']]","[['Absent 14', 'Tardy 7']]"
375,00115520,"[['Absent 14', 'Absent Full Day/Suspension 17', 'Home Instruction 43', 'Hospitalized/Medical 43', 'Tardy 15']]","[['Absent 19', 'Absent Full Day/Suspension 2', 'Home Instruction 144', 'Tardy 8']]"
376,00151310,"[['Absent 13', 'Tardy 1']]",[[]]
377,00140283,"[['Absent 5', 'Hospitalized/Medical 1', 'Tardy 2']]","[['Absent 5', 'Tardy 14']]"
378,00135159,"[['Absent 6', 'Absent/Family Trip 4', 'Excused Late: Medical/School-Linked Professional 1', 'Hospitalized/Medical 7', 'Tardy 3']]","[['Absent 14', 'Hospitalized/Medical 1', 'Tardy 12']]"
379,00153230,"[['Absent 7', 'Excused Late: School-Linked Professional Services 1']]","[['Absent 5', 'Absent/Family Trip 11', 'Hospitalized/Medical 1', 'Tardy 4']]"
380,00127459,"[['Absent 6', 'Hospitalized/Medical 2', 'Tardy 4']]","[['Absent 5', 'Tardy 7']]"
381,00116735,[[]],[[]]
382,00144264,[['Absent 1']],[['Absent 2']]
383,00159116,[[]],[[]]
384,00117803,"[['Absent 3', 'Excused Late: Medical/School-Linked Professional 1', 'Hospitalized/Medical 1', 'Tardy 3']]","[['Absent 9', 'Hospitalized/Medical 2', 'Tardy 13']]"
385,00117788,"[['Absent 13', 'Hospitalized/Medical 1', 'Tardy 1']]","[['Absent 11', 'Hospitalized/Medical 1', 'Tardy 7']]"
386,00156868,[[]],"[['Absent 6', 'Excused Late: School-Linked Professional Services 1', 'Tardy 1']]"
387,00150620,[['Absent 4']],"[['Absent 8', 'Hospitalized/Medical 2', 'Tardy 3']]"
388,00118509,"[['Absent 14', 'Excused Late: Medical/School-Linked Professional 3', 'Hospitalized/Medical 7', 'Tardy 2']]","[['Absent 12', 'Absent Full Day/Suspension 2', 'Hospitalized/Medical 3', 'Tardy 10']]"
389,00117756,"[['Absent 15', 'Absent Full Day/Suspension 14', 'Excused Late: School-Linked Professional Services 1', 'Hospitalized/Medical 1', 'Present/In School Suspension 1', 'Tardy 12']]","[['Absent 14', 'Hospitalized/Medical 4', 'Tardy 26']]"
390,00117401,[[]],[[]]
391,00118919,"[['Absent 7', 'Tardy 8']]","[['Absent 3', 'Tardy 2']]"
392,00149282,"[['Absent 1', 'Tardy 1']]","[['Absent 3', 'Tardy 3']]"
393,00128308,"[['Absent 2', 'Excused Late: Medical/School-Linked Professional 1', 'Hospitalized/Medical 1', 'Tardy 8']]","[['Absent 3', 'Hospitalized/Medical 1', 'Tardy 7']]"
394,00127057,[['Excused Late: Medical/School-Linked Professional 1']],[['Absent 4']]
395,00149414,"[['Absent 2', 'Excused Late: Medical/School-Linked Professional 3']]","[['Absent 1', 'Tardy 6']]"
396,00159003,[[]],[[]]
397,00128468,"[['Absent 8', 'Hospitalized/Medical 4', 'Tardy 1']]","[['Absent 4', 'Hospitalized/Medical 1', 'Present/In School Suspension 1', 'Tardy 3']]"
398,00152014,[['Absent 1']],[['Tardy 1']]
399,00117888,"[['Absent 9', 'Tardy 1']]","[['Absent 4', 'Tardy 5']]"
400,00118389,[[]],[[]]
401,00117677,[['Absent 4']],"[['Absent 4', 'Tardy 3']]"
402,00117863,"[['Absent 4', 'Tardy 1']]","[['Absent 4', 'Tardy 1']]"
403,00115532,"[['Absent 5', 'Absent Full Day/Suspension 3', 'Tardy 23']]","[['Absent 4', 'Absent Full Day/Suspension 10', 'Tardy 17']]"
404,00126684,"[['Absent 1', 'Hospitalized/Medical 10']]","[['Absent 17', 'Hospitalized/Medical 3', 'Tardy 3']]"
405,00128155,"[['Absent 3', 'Hospitalized/Medical 3']]","[['Absent 3', 'Tardy 3']]"
406,00159034,[[]],[[]]
407,00141231,[[]],[['Tardy 1']]
408,00159004,[[]],[[]]
409,00152041,"[['Absent 1', 'Hospitalized/Medical 3']]",[['Absent 1']]
410,00155922,[[]],"[['Absent 7', 'Absent Full Day/Suspension 7', 'Excused Late: School-Linked Professional Services 1', 'Hospitalized/Medical 1', 'Tardy 6']]"
411,00115534,"[['Absent 4', 'Tardy 2']]","[['Absent 4', 'Excused Late: Medical/School-Linked Professional 2', 'Present/In School Suspension 1', 'Tardy 3']]"
412,00158990,[[]],[[]]
413,00117726,[[]],"[['Absent 4', 'Hospitalized/Medical 1']]"
414,00148880,"[['Absent 3', 'Hospitalized/Medical 1', 'Tardy 29']]","[['Absent 8', 'Tardy 33']]"
415,00158054,[[]],[[]]
416,00150867,"[['Absent 11', 'Tardy 1']]","[['Absent 6', 'Absent/Family Trip 4', 'Tardy 1']]"
417,00115539,"[['Absent 2', 'Hospitalized/Medical 1', 'Tardy 2']]","[['Absent 1', 'Hospitalized/Medical 1', 'Tardy 5']]"
418,00138093,"[['Absent 1', 'Hospitalized/Medical 1']]","[['Absent 2', 'Tardy 1']]"
419,00124084,"[['Absent 9', 'Excused Late: Medical/School-Linked Professional 1', 'Tardy 6']]","[['Absent 6', 'Hospitalized/Medical 3', 'Tardy 25']]"
420,00159017,[[]],[[]]
421,00159386,[[]],[[]]
422,00118079,[['Absent 4']],"[['Absent 2', 'Tardy 1']]"
423,00117712,[['Absent 9']],"[['Absent 3', 'Absent/Family Trip 2', 'Tardy 1']]"
424,00140341,"[['Absent 2', 'Hospitalized/Medical 6', 'Tardy 24']]","[['Absent 4', 'Hospitalized/Medical 1', 'Tardy 13']]"
425,00154633,[['Absent 1']],[['Tardy 1']]
426,00118103,[[]],[[]]
427,00116491,"[['Absent 9', 'Hospitalized/Medical 7', 'Tardy 3']]","[['Absent 8', 'Hospitalized/Medical 7', 'Tardy 5']]"
428,00116492,"[['Absent 11', 'Tardy 15']]","[['Absent 8', 'Hospitalized/Medical 9', 'Tardy 7']]"
429,00160155,[[]],[[]]
430,00154620,"[['Absent 7', 'Tardy 1']]","[['Absent 3', 'Absent/Family Trip 3', 'Hospitalized/Medical 1', 'Tardy 2']]"
431,00117864,"[['Absent 3', 'Excused Late: School-Linked Professional Services 1', 'Hospitalized/Medical 2', 'Tardy 5']]","[['Absent 2', 'Absent Full Day/Suspension 3', 'Absent/Family Trip 4', 'Tardy 10']]"
432,00116897,[[]],[[]]
433,00151353,"[['Absent 8', 'Hospitalized/Medical 6']]","[['Absent 10', 'Hospitalized/Medical 6', 'Tardy 7']]"
434,00118909,"[['Absent 3', 'Absent/Family Trip 9', 'Tardy 1']]","[['Absent 1', 'Tardy 3']]"
435,00116625,"[['Absent 15', 'Hospitalized/Medical 3']]","[['Absent 7', 'Hospitalized/Medical 9']]"
436,00116248,[[]],[['Tardy 1']]
437,00122362,"[['Absent 14', 'Absent Full Day/Suspension 10', 'Hospitalized/Medical 7', 'Tardy 1']]","[['Absent 4', 'Absent/Family Trip 6', 'Hospitalized/Medical 18', 'Tardy 8']]"
438,00115545,"[['Absent 7', 'Tardy 1']]",[['Absent 7']]
439,00159737,[[]],[[]]
440,00126700,[['Absent 1']],"[['Absent 2', 'Tardy 1']]"
441,00139875,"[['Absent 3', 'Hospitalized/Medical 1']]",[['Absent 1']]
442,00117951,"[['Absent 2', 'Tardy 3']]","[['Absent 5', 'Absent Full Day/Suspension 5', 'Tardy 3']]"
443,00135717,"[['Absent 1', 'Hospitalized/Medical 1']]","[['Absent 1', 'Hospitalized/Medical 3', 'Tardy 1']]"
444,00121405,"[['Absent 8', 'Tardy 2']]","[['Absent 16', 'Tardy 4']]"
445,00160165,[[]],[[]]
446,00118206,"[['Absent 2', 'Hospitalized/Medical 1', 'Tardy 1']]","[['Absent 1', 'Tardy 8']]"
447,00127952,"[['Absent 5', 'Absent/Family Trip 1', 'Tardy 6']]","[['Absent 4', 'Tardy 6']]"
448,00148139,"[['Absent Full Day/Suspension 12', 'Hospitalized/Medical 1']]","[['Absent 6', 'Hospitalized/Medical 1', 'Tardy 5']]"
449,00118752,"[['Absent 9', 'Tardy 2']]","[['Absent 6', 'Tardy 24']]"
450,00148075,"[['Absent 2', 'Absent Full Day/Suspension 4', 'Tardy 1']]","[['Absent 1', 'Absent Full Day/Suspension 10', 'Tardy 1']]"
451,00123204,"[['Absent 1', 'Excused Late: Medical/School-Linked Professional 2', 'Tardy 9']]","[['Absent 4', 'Hospitalized/Medical 1', 'Tardy 6']]"
452,00125503,"[['Absent 10', 'Excused Late: Medical/School-Linked Professional 1', 'Hospitalized/Medical 2', 'Tardy 1']]","[['Absent 7', 'Hospitalized/Medical 5', 'Tardy 10']]"
453,00121859,"[['Absent 1', 'Absent/Family Trip 3']]","[['Absent 4', 'Hospitalized/Medical 1', 'Tardy 6']]"
454,00117757,[[]],[[]]
455,00118092,"[['Absent 13', 'Absent Full Day/Suspension 25', 'Excused Late: School-Linked Professional Services 1', 'Present/In School Suspension 1', 'Tardy 2']]","[['Absent 32', 'Absent Full Day/Suspension 23', 'Hospitalized/Medical 8', 'Tardy 12']]"
456,00150411,[['Absent 2']],"[['Absent 3', 'Excused Late: Medical/School-Linked Professional 1']]"
457,00116890,[[]],[[]]
458,00117881,[[]],[['Tardy 8']]
459,00118274,"[['Absent 3', 'Tardy 1']]","[['Absent 11', 'Hospitalized/Medical 5', 'Tardy 8']]"
460,00141548,"[['Absent 5', 'Tardy 3']]",[['Absent 4']]
461,00117638,"[['Absent 1', 'Hospitalized/Medical 2']]","[['Absent 3', 'Tardy 3']]"
462,00117637,"[['Absent 3', 'Hospitalized/Medical 5', 'Tardy 1']]","[['Absent 6', 'Absent Full Day/Suspension 1', 'Tardy 19']]"
463,00159398,[[]],[[]]
464,00117489,[[]],"[['Absent 6', 'Tardy 2']]"
465,00160717,[[]],[[]]
466,00145400,[['Absent 2']],"[['Absent 2', 'Tardy 1']]"
467,00114519,"[['Absent 74', 'Home Instruction 53', 'Hospitalized/Medical 5', 'Tardy 10']]","[['Absent 38', 'Home Instruction 79', 'Hospitalized/Medical 9', 'Tardy 4']]"
468,00117928,[['Absent 3']],[['Absent 5']]
469,00116458,"[['Absent 12', 'Absent/Family Trip 1', 'Tardy 7']]","[['Absent 8', 'Excused Late: School-Linked Professional Services 1', 'Hospitalized/Medical 3', 'Tardy 6']]"
470,00117439,[['Tardy 1']],[[]]
471,00118715,"[['Absent 2', 'Hospitalized/Medical 1']]","[['Absent 2', 'Tardy 8']]"
472,00123754,"[['Absent/Family Trip 8', 'Tardy 2']]","[['Absent 2', 'Hospitalized/Medical 1', 'Tardy 1']]"
473,00131327,"[['Absent 2', 'Tardy 1']]","[['Absent 5', 'Hospitalized/Medical 11', 'Tardy 3']]"
474,00117014,"[['Absent 8', 'Hospitalized/Medical 1', 'Tardy 1']]","[['Absent 6', 'Tardy 18']]"
475,00118334,"[['Absent 4', 'Hospitalized/Medical 1', 'Tardy 1']]","[['Absent 5', 'Hospitalized/Medical 2', 'Tardy 2']]"
476,00121702,"[['Absent 3', 'Hospitalized/Medical 2', 'Tardy 2']]","[['Absent 11', 'Tardy 17']]"
477,00116555,"[['Absent 13', 'Excused Late: School-Linked Professional Services 2', 'Hospitalized/Medical 2', 'Tardy 1']]","[['Absent 12', 'Excused Late: School-Linked Professional Services 1', 'Hospitalized/Medical 4', 'Tardy 33']]"
478,00154617,"[['Absent 2', 'Excused Late: School-Linked Professional Services 1', 'Tardy 2']]","[['Absent 3', 'Tardy 3']]"
479,00130779,"[['Absent 2', 'Excused Late: Medical/School-Linked Professional 1', 'Hospitalized/Medical 1']]","[['Absent 2', 'Excused Late: Medical/School-Linked Professional 1', 'Tardy 7']]"
480,00117556,"[['Absent 2', 'Excused Late: Medical/School-Linked Professional 1', 'Tardy 4']]","[['Absent 5', 'Hospitalized/Medical 1', 'Tardy 16']]"
481,00157404,[[]],"[['Absent 2', 'Hospitalized/Medical 2', 'Tardy 3']]"
482,00160365,[[]],[[]]
483,00117778,[['Absent 1']],[[]]
484,00127099,[[]],"[['Absent 32', 'Excused Late: Medical/School-Linked Professional 1', 'Hospitalized/Medical 4', 'Tardy 15']]"
485,00123516,"[['Absent 14', 'Hospitalized/Medical 2']]","[['Absent 13', 'Absent Full Day/Suspension 10', 'Hospitalized/Medical 1', 'Tardy 2']]"
486,00118309,"[['Absent 13', 'Excused Late: Medical/School-Linked Professional 1', 'Hospitalized/Medical 5']]","[['Absent 13', 'Hospitalized/Medical 4', 'Tardy 1']]"
487,00116835,"[['Absent 6', 'Hospitalized/Medical 7']]","[['Absent 2', 'Hospitalized/Medical 1']]"
488,00159351,[[]],[[]]
489,00159120,[[]],[[]]
490,00144762,[['Absent 12']],"[['Absent 3', 'Tardy 2']]"
491,00123573,"[['Absent 9', 'Hospitalized/Medical 1']]","[['Absent 10', 'Tardy 1']]"
492,00152854,"[['Absent 7', 'Tardy 1']]","[['Absent 2', 'Hospitalized/Medical 1', 'Tardy 2']]"
493,00159209,[[]],[[]]
494,00117427,"[['Absent 5', 'Absent Full Day/Suspension 3', 'Absent/Family Trip 2']]",[['Absent 5']]
495,00154857,[['Absent 3']],"[['Absent 5', 'Excused Late: Medical/School-Linked Professional 1']]"
496,00117527,[['Absent 3']],"[['Absent 3', 'Hospitalized/Medical 2', 'Tardy 1']]"
497,00115623,"[['Absent 5', 'Hospitalized/Medical 1']]","[['Absent 4', 'Tardy 1']]"
498,00139377,"[['Absent 5', 'Excused Late: School-Linked Professional Services 2', 'Tardy 15']]","[['Absent 6', 'Absent Full Day/Suspension 5', 'Absent/Family Trip 1', 'Hospitalized/Medical 2', 'Tardy 4']]"
499,00116636,"[['Absent 14', 'Hospitalized/Medical 2', 'Tardy 3']]","[['Absent 11', 'Absent Full Day/Suspension 2', 'Hospitalized/Medical 1', 'Tardy 16']]"
500,00118704,"[['Absent 8', 'Excused Late: School-Linked Professional Services 4']]","[['Absent 13', 'Tardy 4']]"
501,00116755,[['Home Instruction 58']],"[['Absent 23', 'Present/In School Suspension 3', 'Tardy 5']]"
502,00118269,"[['Absent Full Day/Suspension 5', 'Hospitalized/Medical 5', 'Tardy 2']]","[['Absent 2', 'Hospitalized/Medical 7', 'Tardy 1']]"
503,00145958,"[['Absent 5', 'Tardy 17']]","[['Absent 2', 'Tardy 4']]"
504,00158059,[[]],[[]]
505,00152732,"[['Absent 2', 'Excused Late: School-Linked Professional Services 2']]","[['Absent 5', 'Excused Late: School-Linked Professional Services 1', 'Hospitalized/Medical 2', 'Tardy 2']]"
506,00118385,[[]],"[['Absent 1', 'Excused Late: Medical/School-Linked Professional 1', 'Hospitalized/Medical 1']]"
507,00115812,"[['Absent 2', 'Tardy 2']]","[['Absent 4', 'Absent/Family Trip 3', 'Tardy 2']]"
508,00127138,"[['Absent 29', 'Hospitalized/Medical 2', 'Tardy 1']]","[['Absent 20', 'Hospitalized/Medical 9', 'Tardy 1']]"
509,00150754,"[['Absent 1', 'Tardy 1']]","[['Absent 9', 'Hospitalized/Medical 1', 'Tardy 2']]"
510,00154055,[['Absent 2']],"[['Absent 1', 'Tardy 5']]"
511,00118470,"[['Absent 1', 'Hospitalized/Medical 3']]",[[]]
512,00117877,[['Absent 2']],[['Absent 2']]
513,00118140,[['Absent 4']],"[['Absent 2', 'Hospitalized/Medical 5', 'Tardy 2']]"
514,00155701,[[]],"[['Absent 3', 'Tardy 1']]"
515,00118474,[[]],"[['Absent 12', 'Tardy 4']]"
516,00141970,"[['Absent 16', 'Absent Full Day/Suspension 4', 'Hospitalized/Medical 2', 'Tardy 26']]","[['Absent 16', 'Absent/Family Trip 1', 'Tardy 22']]"
517,00122962,"[['Absent 7', 'Hospitalized/Medical 5']]","[['Absent 7', 'Hospitalized/Medical 7', 'Tardy 1']]"
518,00159254,[[]],[[]]
519,00117319,"[['Absent 15', 'Hospitalized/Medical 4', 'Tardy 7']]","[['Absent 12', 'Tardy 3']]"
520,00115639,"[['Absent 10', 'Hospitalized/Medical 1']]","[['Absent 14', 'Hospitalized/Medical 3', 'Tardy 1']]"
521,00160803,[[]],[[]]
522,00160626,[[]],[[]]
523,00118726,"[['Absent 9', 'Tardy 2']]","[['Absent 10', 'Absent Full Day/Suspension 14', 'Absent/Family Trip 5', 'Home Instruction 53', 'Hospitalized/Medical 3', 'Tardy 16']]"
524,00117429,"[['Absent 14', 'Hospitalized/Medical 3', 'Tardy 8']]","[['Absent 11', 'Hospitalized/Medical 12', 'Tardy 20']]"
525,00118383,"[['Absent 8', 'Hospitalized/Medical 1', 'Tardy 10']]","[['Absent 6', 'Present/ In School Suspension 4', 'Tardy 25']]"
526,00146704,"[['Absent 7', 'Hospitalized/Medical 3', 'Tardy 3']]","[['Absent 2', 'Tardy 2']]"
527,00157197,[[]],"[['Absent 6', 'Absent Full Day/Suspension 12', 'Absent/Family Trip 1', 'Tardy 14']]"
528,00117023,"[['Absent 14', 'Hospitalized/Medical 4', 'Tardy 9']]","[['Absent 11', 'Absent/Family Trip 4', 'Tardy 5']]"
529,00159121,[[]],[[]]
530,00118936,[['Absent 5']],[['Absent 1']]
531,00135156,"[['Absent 17', 'Hospitalized/Medical 9', 'Tardy 8']]","[['Absent 22', 'Tardy 2']]"
532,00118361,"[['Absent 9', 'Hospitalized/Medical 3', 'Tardy 4']]","[['Absent 5', 'Tardy 8']]"
533,00115865,"[['Absent 6', 'Excused Late: Medical/School-Linked Professional 1', 'Hospitalized/Medical 2', 'Tardy 13']]","[['Absent 2', 'Excused Late: Medical/School-Linked Professional 3', 'Hospitalized/Medical 3', 'Tardy 19']]"
534,00118400,"[['Absent 5', 'Hospitalized/Medical 6', 'Tardy 3']]","[['Absent 21', 'Present/ In School Suspension 2', 'Tardy 13']]"
535,00159279,[[]],[[]]
536,00117296,"[['Absent 14', 'Tardy 17']]","[['Absent 12', 'Tardy 6']]"
537,00148669,"[['Absent 5', 'Hospitalized/Medical 1']]","[['Absent 7', 'Excused Late: School-Linked Professional Services 1', 'Tardy 2']]"
538,00117793,"[['Absent 12', 'Tardy 1']]","[['Absent 13', 'Tardy 9']]"
539,00117145,[[]],"[['Absent 6', 'Hospitalized/Medical 2', 'Tardy 3']]"
540,00129756,[[]],[[]]
541,00117775,"[['Absent 2', 'Tardy 1']]","[['Absent 3', 'Hospitalized/Medical 1']]"
542,00149583,[[]],"[['Absent 9', 'Absent/Family Trip 5', 'Tardy 10']]"
543,00157159,[[]],"[['Absent 1', 'Tardy 1']]"
544,00115653,[[]],"[['Absent 6', 'Excused Late: School-linked Professonal Services 1', 'Hospitalized/Medical 4', 'Present/ In School Suspension 1', 'Tardy 18']]"
545,00116260,"[['Absent 14', 'Tardy 17']]","[['Absent 20', 'Absent/Family Trip 3', 'Tardy 10']]"
546,00153247,"[['Absent 12', 'Hospitalized/Medical 1', 'Tardy 9']]","[['Absent 6', 'Hospitalized/Medical 2', 'Tardy 18']]"
547,00115941,"[['Absent 33', 'Excused Late: School-Linked Professional Services 2', 'Hospitalized/Medical 21', 'Tardy 21']]","[['Absent 30', 'Excused Late: School-linked Professonal Services 1', 'Hospitalized/Medical 45', 'Present/ Field Trip 1', 'Tardy 9']]"
548,00115794,"[['Absent 13', 'Tardy 5']]","[['Absent 19', 'Absent Full Day/ Suspension 4', 'Excused Late: School-linked Professonal Services 1', 'Hospitalized/Medical 6', 'Tardy 12']]"
549,00127491,"[['Absent 15', 'Present/In School Suspension 2', 'Tardy 26']]","[['Absent 15', 'Absent/Family Trip 3', 'Tardy 18']]"
550,00118219,"[['Absent 5', 'Absent Full Day/Suspension 3']]","[['Absent 6', 'Tardy 2']]"
551,00116671,"[['Absent 5', 'Hospitalized/Medical 1', 'Tardy 19']]","[['Absent 9', 'Tardy 18']]"
552,00117451,"[['Absent 2', 'Excused Late: Medical/School-Linked Professional 2', 'Hospitalized/Medical 5']]","[['Absent 1', 'Hospitalized/Medical 3', 'Tardy 6']]"
553,00117434,"[['Hospitalized/Medical 2', 'Tardy 7']]","[['Absent 1', 'Excused Late: Medical/School-Linked Professional 1', 'Hospitalized/Medical 1', 'Tardy 15']]"
554,00158411,[[]],[[]]
555,00149235,"[['Absent 3', 'Tardy 1']]","[['Absent 10', 'Excused Late: Medical/School-Linked Professional 1', 'Tardy 3']]"
556,00115135,[['Absent 8']],"[['Absent 9', 'Home Instruction 60', 'Present/ Field Trip 3', 'Tardy 1']]"
557,00122964,"[['Absent 1', 'Hospitalized/Medical 1']]","[['Absent 1', 'Tardy 3']]"
558,00137975,"[['Absent 2', 'Tardy 5']]","[['Absent 6', 'Tardy 18']]"
559,00116738,"[['Absent 10', 'Excused Late: Medical/School-Linked Professional 1', 'Hospitalized/Medical 2', 'Tardy 14']]","[['Absent 5', 'Hospitalized/Medical 3', 'Tardy 15']]"
560,00141933,[['Absent 1']],"[['Absent 3', 'Hospitalized/Medical 1']]"
561,00125359,"[['Absent 11', 'Tardy 3']]","[['Absent 6', 'Tardy 2']]"
562,00143813,[[]],[['Absent 3']]
563,00115662,[['Absent 8']],[['Absent 7']]
564,00150715,[[]],[['Absent 4']]
565,00143157,"[['Absent 5', 'Absent Full Day/Suspension 5', 'Tardy 15']]","[['Absent 5', 'Tardy 10']]"
566,00148261,[['Absent 3']],"[['Hospitalized/Medical 2', 'Tardy 1']]"
567,00117652,"[['Absent 13', 'Excused Late: Medical/School-Linked Professional 1', 'Home Instruction 9', 'Hospitalized/Medical 3', 'Tardy 8']]",[[]]
568,00115734,"[['Absent 3', 'Hospitalized/Medical 1', 'Tardy 4']]","[['Absent 5', 'Excused Late: Medical/School-Linked Professional 1', 'Tardy 5']]"
569,00121602,"[['Absent 8', 'Tardy 1']]","[['Absent 4', 'Tardy 2']]"
570,00154859,"[['Absent 10', 'Hospitalized/Medical 1', 'Tardy 2']]","[['Absent 21', 'Excused Late: Medical/School-Linked Professional 1', 'Hospitalized/Medical 2', 'Tardy 16']]"
571,00127100,[['Absent 1']],"[['Absent 4', 'Tardy 5']]"
572,00117852,"[['Absent 7', 'Hospitalized/Medical 1', 'Tardy 2']]","[['Absent 4', 'Absent Full Day/Suspension 4', 'Hospitalized/Medical 1', 'Tardy 15']]"
573,00123048,"[['Absent 12', 'Hospitalized/Medical 2']]","[['Absent 13', 'Hospitalized/Medical 7', 'Present/In School Suspension 1']]"
574,00117820,"[['Absent 3', 'Tardy 4']]","[['Absent 1', 'Excused Late: Medical/School-Linked Professional 1', 'Hospitalized/Medical 1', 'Tardy 4']]"
575,00118510,"[['Absent 7', 'Hospitalized/Medical 1', 'Tardy 2']]","[['Absent 5', 'Tardy 5']]"
576,00119259,"[['Absent 1', 'Absent/Family Trip 6', 'Excused Late: Medical/School-Linked Professional 2', 'Tardy 1']]","[['Absent 5', 'Tardy 8']]"
577,00117853,"[['Absent 2', 'Hospitalized/Medical 5']]","[['Absent 1', 'Hospitalized/Medical 2']]"
578,00159102,[[]],[[]]
579,00122873,"[['Absent 13', 'Absent/Family Trip 2']]","[['Absent 9', 'Hospitalized/Medical 2']]"
580,00118082,[['Absent 2']],"[['Absent 1', 'Excused Late: School-Linked Professional Services 1', 'Hospitalized/Medical 2', 'Tardy 6']]"
581,00129552,[[]],"[['Absent 2', 'Tardy 1']]"
582,00117777,[['Tardy 1']],[['Tardy 3']]
583,00117832,"[['Absent 2', 'Hospitalized/Medical 1', 'Tardy 1']]","[['Absent/Family Trip 1', 'Tardy 9']]"
584,00155963,[[]],"[['Absent 13', 'Excused Late: Medical/School-Linked Professional 1']]"
585,00117656,[['Absent 10']],"[['Absent 7', 'Tardy 3']]"
586,00149858,"[['Absent 6', 'Excused Late: Medical/School-Linked Professional 5', 'Tardy 1']]","[['Absent 3', 'Excused Late: Medical/School-Linked Professional 2', 'Hospitalized/Medical 1']]"
587,00118291,"[['Absent 14', 'Hospitalized/Medical 7', 'Present/In School Suspension 1', 'Tardy 20']]","[['Absent 12', 'Hospitalized/Medical 2', 'Tardy 34']]"
588,00159679,[[]],[[]]
589,00116721,"[['Absent 6', 'Hospitalized/Medical 7', 'Tardy 2']]","[['Absent 3', 'Tardy 1']]"
590,00133157,"[['Absent 3', 'Hospitalized/Medical 3', 'Tardy 16']]","[['Absent 6', 'Absent Full Day/Suspension 8', 'Absent/Family Trip 3', 'Tardy 12']]"
591,00117377,"[['Absent 6', 'Excused Late: Medical/School-Linked Professional 1', 'Hospitalized/Medical 1', 'Tardy 6', 'Truant 1']]","[['Absent 3', 'Hospitalized/Medical 1', 'Tardy 15']]"
592,00156420,[[]],"[['Absent 18', 'Absent Full Day/Suspension 7', 'Hospitalized/Medical 1', 'Tardy 58']]"
593,00156419,[[]],"[['Absent 19', 'Absent Full Day/Suspension 5', 'Tardy 56']]"
594,00115600,"[['Absent 11', 'Hospitalized/Medical 1', 'Tardy 10']]","[['Absent 14', 'Hospitalized/Medical 12', 'Present/ Field Trip 1', 'Present/ In School Suspension 1', 'Tardy 18']]"
595,00119364,"[['Absent 15', 'Tardy 37']]","[['Absent 21', 'Tardy 28']]"
596,00150635,"[['Absent 5', 'Tardy 1']]",[['Absent 4']]
597,00125059,[['Absent 5']],[['Absent 1']]
598,00116568,[[]],"[['Absent 2', 'Tardy 1']]"
599,00117709,"[['Absent 4', 'Tardy 25']]","[['Absent 3', 'Hospitalized/Medical 3', 'Tardy 17']]"
600,00158076,[[]],[[]]
601,00117659,[[]],"[['Absent 1', 'Hospitalized/Medical 3']]"
602,00159255,[[]],[[]]
603,00133260,"[['Absent 5', 'Hospitalized/Medical 3']]","[['Absent 14', 'Absent Full Day/Suspension 10', 'Home Instruction 19', 'Hospitalized/Medical 1', 'Tardy 9']]"
604,00117737,"[['Absent 31', 'Hospitalized/Medical 11', 'Present/In School Suspension 1', 'Tardy 15']]","[['Absent 9', 'Absent/Family Trip 7', 'Hospitalized/Medical 18', 'Tardy 1']]"
605,00118107,[['Absent 9']],"[['Absent 5', 'Hospitalized/Medical 4', 'Tardy 1']]"
606,00158389,[[]],[[]]
607,00117982,[['Absent 1']],"[['Absent 1', 'Tardy 1']]"
608,00118844,[[]],[[]]
609,00117931,"[['Absent 10', 'Hospitalized/Medical 2']]",[['Absent 7']]
610,00160328,[[]],[[]]
611,00141656,[[]],[[]]
612,00117430,"[['Absent 15', 'Excused Late: School-Linked Professional Services 1', 'Hospitalized/Medical 29', 'Tardy 25']]","[['Absent 10', 'Absent Full Day/Suspension 4', 'Hospitalized/Medical 13', 'Tardy 16']]"
613,00159756,[[]],[[]]
614,00146854,[['Home Instruction 180']],"[['Absent 16', 'Absent Full Day/Suspension 5', 'Excused Late: School-Linked Professional Services 1', 'Hospitalized/Medical 7', 'Tardy 9']]"
615,00156488,[[]],"[['Absent 3', 'Tardy 1']]"
616,00132559,"[['Absent 8', 'Tardy 9']]","[['Absent 6', 'Tardy 7']]"
617,00118160,[['Absent 5']],"[['Absent 5', 'Tardy 2']]"
618,00128702,[['Tardy 1']],"[['Absent 3', 'Present/In School Suspension 1']]"
619,00133302,"[['Absent Full Day/ Suspension 1', 'Absent Full Day/Suspension 4']]","[['Absent 1', 'Tardy 1']]"
620,00124128,"[['Absent 2', 'Absent/Family Trip 4', 'Hospitalized/Medical 1', 'Tardy 1']]","[['Absent 6', 'Tardy 4']]"
621,00117733,"[['Absent 1', 'Hospitalized/Medical 2', 'Tardy 1']]","[['Absent 2', 'Excused Late: Medical/School-Linked Professional 1', 'Tardy 1']]"
622,00118307,"[['Absent 1', 'Hospitalized/Medical 2']]","[['Absent 1', 'Hospitalized/Medical 3']]"
623,00117621,[['Absent 1']],"[['Absent 2', 'Hospitalized/Medical 1', 'Tardy 1']]"
624,00118504,"[['Absent 5', 'Excused Late: School-Linked Professional Services 1', 'Hospitalized/Medical 4', 'Tardy 7']]","[['Absent 7', 'Absent/Family Trip 2', 'Hospitalized/Medical 4', 'Tardy 5']]"
625,00116031,"[['Absent 14', 'Excused Late: Medical/School-Linked Professional 1', 'Tardy 3']]","[['Absent 8', 'Tardy 13']]"
626,00123709,"[['Absent 6', 'Hospitalized/Medical 2', 'Tardy 2']]","[['Absent 7', 'Hospitalized/Medical 1', 'Tardy 5']]"
627,00141763,[['Absent 8']],"[['Absent 4', 'Hospitalized/Medical 2', 'Tardy 1']]"
628,00118161,"[['Absent 2', 'Absent/Family Trip 5']]","[['Absent 2', 'Tardy 1']]"
629,00118810,[[]],[[]]
630,00122856,[[]],[[]]
631,00153625,"[['Absent 1', 'Hospitalized/Medical 4']]","[['Absent 4', 'Absent/Family Trip 9', 'Hospitalized/Medical 2']]"
632,00118109,"[['Absent 7', 'Tardy 2']]","[['Absent 7', 'Tardy 2']]"
633,00134807,"[['Absent 1', 'Hospitalized/Medical 1', 'Present/In School Suspension 1']]","[['Absent 1', 'Hospitalized/Medical 2', 'Tardy 1']]"
634,00159005,[[]],[[]]
635,00117807,[[]],[[]]
636,00117780,"[['Hospitalized/Medical 1', 'Tardy 3']]","[['Absent 1', 'Excused Late: School-Linked Professional Services 1', 'Tardy 2']]"
637,00117735,"[['Absent 11', 'Home Instruction 20', 'Hospitalized/Medical 6', 'Tardy 14']]","[['Absent 9', 'Hospitalized/Medical 3', 'Tardy 23']]"
638,00116705,"[['Absent Full Day/Suspension 5', 'Tardy 7']]","[['Absent 6', 'Tardy 1']]"
639,00144405,"[['Absent/Family Trip 5', 'Hospitalized/Medical 1']]",[['Absent 1']]
640,00155918,[[]],[['Absent 2']]
641,00123315,"[['Absent 9', 'Tardy 2']]","[['Absent 5', 'Tardy 6']]"
642,00159652,[[]],[[]]
643,00128114,"[['Absent 7', 'Absent/Family Trip 4', 'Tardy 2']]","[['Absent 8', 'Excused Late: Medical/School-Linked Professional 1', 'Tardy 9']]"
644,00117886,[['Absent 2']],"[['Absent 4', 'Hospitalized/Medical 1', 'Tardy 10']]"
645,00159664,[[]],[[]]
646,00125612,[['Absent 7']],"[['Absent 11', 'Tardy 6']]"
647,00136312,[[]],[['Absent 6']]
648,00113902,[['Absent 2']],[['Absent 3']]
649,00159458,[[]],[[]]
650,00122960,"[['Absent 2', 'Hospitalized/Medical 1']]",[['Absent 4']]
651,00144415,"[['Absent 4', 'Hospitalized/Medical 1', 'Tardy 3']]","[['Absent 1', 'Hospitalized/Medical 2', 'Tardy 4']]"
652,00118780,"[['Absent 12', 'Hospitalized/Medical 4', 'Tardy 19']]","[['Absent 12', 'Excused Late: School-Linked Professional Services 1', 'Hospitalized/Medical 1', 'Tardy 19']]"
653,00122138,"[['Absent 4', 'Tardy 1']]","[['Absent 10', 'Tardy 1']]"
654,00158918,[[]],[[]]
655,00117808,[['Absent 5']],"[['Absent 5', 'Hospitalized/Medical 3']]"
656,00156356,[[]],[['Absent 2']]
657,00123041,[['Hospitalized/Medical 1']],"[['Absent 1', 'Tardy 1']]"
658,00117744,"[['Absent 14', 'Tardy 29']]","[['Absent 22', 'Excused Late: Medical/School-Linked Professional 4', 'Tardy 51']]"
659,00116048,[[]],"[['Absent 2', 'Absent Full Day/Suspension 2', 'Absent/Family Trip 6', 'Hospitalized/Medical 1', 'Tardy 15']]"
660,00159678,[[]],[[]]
661,00159280,[[]],[[]]
662,00136135,[['Absent 2']],"[['Absent 4', 'Hospitalized/Medical 1']]"
663,00161008,[[]],[[]]
664,00123967,[['Absent 11']],[['Absent 4']]
665,00138428,"[['Absent 8', 'Hospitalized/Medical 2', 'Tardy 28']]","[['Absent 5', 'Tardy 30']]"
666,00118888,"[['Absent 1', 'Hospitalized/Medical 1', 'Tardy 13']]","[['Absent 8', 'Tardy 11']]"
667,00135225,"[['Absent 12', 'Hospitalized/Medical 4', 'Tardy 3']]","[['Absent 4', 'Hospitalized/Medical 2']]"
